{"cameraMode":{"drawMode":0,"name":"Shaded","section":"Shading Mode"},"sceneLighting":true,"audioPlay":false,"sceneViewState":{"m_AlwaysRefresh":false,"showFog":true,"showSkybox":true,"showFlares":true,"showImageEffects":true,"showParticleSystems":true,"showVisualEffectGraphs":true,"m_FxEnabled":true},"in2DMode":false,"pivot":{"x":99.16097259521485,"y":51.296016693115237,"z":5.859610080718994},"rotation":{"x":-0.016191033646464349,"y":0.0011788966367021204,"z":0.00005595489710685797,"w":0.9998915195465088},"size":71.01470184326172,"orthographic":false}