Using pre-set license
Built from '2021.3/staging' branch; Version is '2021.3.45f1 (0da89fac8e79) revision 895135'; Using compiler version '192829333'; Build Type 'Release'
OS: 'Windows 10  (10.0.19045) 64bit Professional' Language: 'es' Physical Memory: 12211 MB
BatchMode: 1, IsHumanControllingUs: 0, StartBugReporterOnCrash: 0, Is64bit: 1, IsPro: 1

COMMAND LINE ARGUMENTS:
C:\Program Files\Unity\Hub\Editor\2021.3.45f1\Editor\Unity.exe
-adb2
-batchMode
-noUpm
-name
AssetImportWorker0
-projectPath
D:/Videojuegos-Proyects/unidad3/gamedev-unidad3-JavierCoronel
-logFile
Logs/AssetImportWorker0.log
-srvPort
64776
Successfully changed project path to: D:/Videojuegos-Proyects/unidad3/gamedev-unidad3-JavierCoronel
D:/Videojuegos-Proyects/unidad3/gamedev-unidad3-JavierCoronel
[UnityMemory] Configuration Parameters - Can be set up in boot.config
    "memorysetup-bucket-allocator-granularity=16"
    "memorysetup-bucket-allocator-bucket-count=8"
    "memorysetup-bucket-allocator-block-size=33554432"
    "memorysetup-bucket-allocator-block-count=8"
    "memorysetup-main-allocator-block-size=16777216"
    "memorysetup-thread-allocator-block-size=16777216"
    "memorysetup-gfx-main-allocator-block-size=16777216"
    "memorysetup-gfx-thread-allocator-block-size=16777216"
    "memorysetup-cache-allocator-block-size=4194304"
    "memorysetup-typetree-allocator-block-size=2097152"
    "memorysetup-profiler-bucket-allocator-granularity=16"
    "memorysetup-profiler-bucket-allocator-bucket-count=8"
    "memorysetup-profiler-bucket-allocator-block-size=33554432"
    "memorysetup-profiler-bucket-allocator-block-count=8"
    "memorysetup-profiler-allocator-block-size=16777216"
    "memorysetup-profiler-editor-allocator-block-size=1048576"
    "memorysetup-temp-allocator-size-main=16777216"
    "memorysetup-job-temp-allocator-block-size=2097152"
    "memorysetup-job-temp-allocator-block-size-background=1048576"
    "memorysetup-job-temp-allocator-reduction-small-platforms=262144"
    "memorysetup-temp-allocator-size-background-worker=32768"
    "memorysetup-temp-allocator-size-job-worker=262144"
    "memorysetup-temp-allocator-size-preload-manager=33554432"
    "memorysetup-temp-allocator-size-nav-mesh-worker=65536"
    "memorysetup-temp-allocator-size-audio-worker=65536"
    "memorysetup-temp-allocator-size-cloud-worker=32768"
    "memorysetup-temp-allocator-size-gi-baking-worker=262144"
    "memorysetup-temp-allocator-size-gfx=262144"
Player connection [11556] Host "[IP] 192.168.18.21 [Port] 0 [Flags] 2 [Guid] 2840782007 [EditorId] 2840782007 [Version] 1048832 [Id] WindowsEditor(7,JCB) [Debug] 1 [PackageName] WindowsEditor [ProjectName] Editor" joined multi-casting on [225.0.0.222:54997]...

Player connection [11556] Host "[IP] 192.168.18.21 [Port] 0 [Flags] 2 [Guid] 2840782007 [EditorId] 2840782007 [Version] 1048832 [Id] WindowsEditor(7,JCB) [Debug] 1 [PackageName] WindowsEditor [ProjectName] Editor" joined alternative multi-casting on [225.0.0.222:34997]...

[Physics::Module] Initialized MultithreadedJobDispatcher with {0} workers.
Refreshing native plugins compatible for Editor in 212.14 ms, found 3 plugins.
Preloading 0 native plugins for Editor in 0.00 ms.
Initialize engine version: 2021.3.45f1 (0da89fac8e79)
[Subsystems] Discovering subsystems at path C:/Program Files/Unity/Hub/Editor/2021.3.45f1/Editor/Data/Resources/UnitySubsystems
[Subsystems] Discovering subsystems at path D:/Videojuegos-Proyects/unidad3/gamedev-unidad3-JavierCoronel/Assets
GfxDevice: creating device client; threaded=0; jobified=0
Direct3D:
    Version:  Direct3D 11.0 [level 11.1]
    Renderer: Intel(R) HD Graphics Family (ID=0xa16)
    Vendor:   Intel
    VRAM:     2048 MB
    Driver:   20.19.15.5171
Initialize mono
Mono path[0] = 'C:/Program Files/Unity/Hub/Editor/2021.3.45f1/Editor/Data/Managed'
Mono path[1] = 'C:/Program Files/Unity/Hub/Editor/2021.3.45f1/Editor/Data/MonoBleedingEdge/lib/mono/unityjit-win32'
Mono config path = 'C:/Program Files/Unity/Hub/Editor/2021.3.45f1/Editor/Data/MonoBleedingEdge/etc'
Using monoOptions --debugger-agent=transport=dt_socket,embedding=1,server=y,suspend=n,address=127.0.0.1:56244
Begin MonoManager ReloadAssembly
Registering precompiled unity dll's ...
Register platform support module: C:/Program Files/Unity/Hub/Editor/2021.3.45f1/Editor/Data/PlaybackEngines/WebGLSupport/UnityEditor.WebGL.Extensions.dll
Register platform support module: C:/Program Files/Unity/Hub/Editor/2021.3.45f1/Editor/Data/PlaybackEngines/WindowsStandaloneSupport/UnityEditor.WindowsStandalone.Extensions.dll
Registered in 0.092626 seconds.
Native extension for WindowsStandalone target not found
Native extension for WebGL target not found
Refreshing native plugins compatible for Editor in 579.86 ms, found 3 plugins.
Preloading 0 native plugins for Editor in 0.00 ms.
Mono: successfully reloaded assembly
- Completed reload, in  2.918 seconds
Domain Reload Profiling:
	ReloadAssembly (2919ms)
		BeginReloadAssembly (409ms)
			ExecutionOrderSort (0ms)
			DisableScriptedObjects (0ms)
			BackupInstance (0ms)
			ReleaseScriptingObjects (0ms)
			CreateAndSetChildDomain (2ms)
		EndReloadAssembly (2048ms)
			LoadAssemblies (398ms)
			RebuildTransferFunctionScriptingTraits (0ms)
			SetupTypeCache (546ms)
			ReleaseScriptCaches (0ms)
			RebuildScriptCaches (103ms)
			SetupLoadedEditorAssemblies (1222ms)
				LogAssemblyErrors (0ms)
				InitializePlatformSupportModulesInManaged (33ms)
				SetLoadedEditorAssemblies (0ms)
				RefreshPlugins (580ms)
				BeforeProcessingInitializeOnLoad (5ms)
				ProcessInitializeOnLoadAttributes (477ms)
				ProcessInitializeOnLoadMethodAttributes (126ms)
				AfterProcessingInitializeOnLoad (0ms)
				EditorAssembliesLoaded (0ms)
			ExecutionOrderSort2 (0ms)
			AwakeInstancesAfterBackupRestoration (0ms)
Platform modules already initialized, skipping
Registering precompiled user dll's ...
Registered in 0.027623 seconds.
Begin MonoManager ReloadAssembly
Native extension for WindowsStandalone target not found
Native extension for WebGL target not found
Refreshing native plugins compatible for Editor in 232.55 ms, found 3 plugins.
Preloading 0 native plugins for Editor in 0.00 ms.
Package Manager log level set to [2]
[Package Manager] Server::EnsureServerProcessIsRunning -- launch failed, reason: Unity was launched with the -noUpm command-line argument
[Package Manager] Cannot connect to Unity Package Manager local server
Mono: successfully reloaded assembly
- Completed reload, in  5.105 seconds
Domain Reload Profiling:
	ReloadAssembly (5107ms)
		BeginReloadAssembly (401ms)
			ExecutionOrderSort (0ms)
			DisableScriptedObjects (16ms)
			BackupInstance (0ms)
			ReleaseScriptingObjects (0ms)
			CreateAndSetChildDomain (42ms)
		EndReloadAssembly (4345ms)
			LoadAssemblies (349ms)
			RebuildTransferFunctionScriptingTraits (0ms)
			SetupTypeCache (1390ms)
			ReleaseScriptCaches (1ms)
			RebuildScriptCaches (179ms)
			SetupLoadedEditorAssemblies (2409ms)
				LogAssemblyErrors (0ms)
				InitializePlatformSupportModulesInManaged (23ms)
				SetLoadedEditorAssemblies (0ms)
				RefreshPlugins (233ms)
				BeforeProcessingInitializeOnLoad (458ms)
				ProcessInitializeOnLoadAttributes (1421ms)
				ProcessInitializeOnLoadMethodAttributes (209ms)
				AfterProcessingInitializeOnLoad (64ms)
				EditorAssembliesLoaded (1ms)
			ExecutionOrderSort2 (0ms)
			AwakeInstancesAfterBackupRestoration (22ms)
Platform modules already initialized, skipping
Script is not up to date after domain reload: guid(d23f7e9ac5982da43a83646b85ab0823) path("Assets/Scripts/Managers/GameManager.cs") state(2)
========================================================================
Worker process is ready to serve import requests
Launched and connected shader compiler UnityShaderCompiler.exe after 0.19 seconds
Refreshing native plugins compatible for Editor in 60.42 ms, found 3 plugins.
Preloading 0 native plugins for Editor in 0.00 ms.
Unloading 5240 Unused Serialized files (Serialized files now loaded: 0)
Unloading 34 unused Assets / (336.4 KB). Loaded Objects now: 5713.
Memory consumption went from 221.8 MB to 221.5 MB.
Total: 18.366900 ms (FindLiveObjects: 4.707100 ms CreateObjectMapping: 0.835700 ms MarkObjects: 12.428800 ms  DeleteObjects: 0.392600 ms)

AssetImportParameters requested are different than current active one (requested -> active):
  custom:video-decoder-ogg-theora: a1e56fd34408186e4bbccfd4996cb3dc -> 
  custom:container-muxer-webm: aa71ff27fc2769a1b78a27578f13a17b -> 
  custom:container-demuxer-webm: 4f35f7cbe854078d1ac9338744f61a02 -> 
  custom:video-encoder-webm-vp8: eb34c28f22e8b96e1ab97ce403110664 -> 
  custom:CustomObjectIndexerAttribute: 6b0e35c9178b02a6363f3721b7b8e397 -> 
  custom:audio-encoder-webm-vorbis: bf7c407c2cedff20999df2af8eb42d56 -> 
  custom:framework-win-MediaFoundation: 216162199b28c13a410421893ffa2e32 -> 
  custom:SearchIndexIgnoredProperties: e643bd26f0fe6173181afceb89e7c659 -> 
  custom:container-demuxer-ogg: 62fdf1f143b41e24485cea50d1cbac27 -> 
  custom:video-decoder-webm-vp8: 9c59270c3fd7afecdb556c50c9e8de78 -> 
  custom:audio-decoder-ogg-vorbis: bf7c407c2cedff20999df2af8eb42d56 -> 
========================================================================
Received Import Request.
  Time since last request: 617899.055176 seconds.
  path: Assets/Scripts/Managers/GameManager.cs
  artifactKey: Guid(d23f7e9ac5982da43a83646b85ab0823) Importer(815301076,1909f56bfc062723c751e8b465ee728b)
Number of updated assets reloaded before import = 0
Start importing Assets/Scripts/Managers/GameManager.cs using Guid(d23f7e9ac5982da43a83646b85ab0823) Importer(815301076,1909f56bfc062723c751e8b465ee728b)  -> (artifact id: '282aac265372f06b8b9aa4cc14487c24') in 0.674361 seconds 
Number of asset objects unloaded after import = 0
========================================================================
Received Prepare
Registering precompiled user dll's ...
Registered in 0.029866 seconds.
Begin MonoManager ReloadAssembly
Native extension for WindowsStandalone target not found
Native extension for WebGL target not found
Refreshing native plugins compatible for Editor in 1.95 ms, found 3 plugins.
Preloading 0 native plugins for Editor in 0.00 ms.
[Package Manager] Server::EnsureServerProcessIsRunning -- launch failed, reason: Unity was launched with the -noUpm command-line argument
[Package Manager] Cannot connect to Unity Package Manager local server
Mono: successfully reloaded assembly
- Completed reload, in  5.917 seconds
Domain Reload Profiling:
	ReloadAssembly (5923ms)
		BeginReloadAssembly (610ms)
			ExecutionOrderSort (0ms)
			DisableScriptedObjects (17ms)
			BackupInstance (0ms)
			ReleaseScriptingObjects (0ms)
			CreateAndSetChildDomain (222ms)
		EndReloadAssembly (4347ms)
			LoadAssemblies (394ms)
			RebuildTransferFunctionScriptingTraits (0ms)
			SetupTypeCache (1223ms)
			ReleaseScriptCaches (3ms)
			RebuildScriptCaches (128ms)
			SetupLoadedEditorAssemblies (2547ms)
				LogAssemblyErrors (0ms)
				InitializePlatformSupportModulesInManaged (29ms)
				SetLoadedEditorAssemblies (1ms)
				RefreshPlugins (2ms)
				BeforeProcessingInitializeOnLoad (268ms)
				ProcessInitializeOnLoadAttributes (1887ms)
				ProcessInitializeOnLoadMethodAttributes (307ms)
				AfterProcessingInitializeOnLoad (51ms)
				EditorAssembliesLoaded (1ms)
			ExecutionOrderSort2 (0ms)
			AwakeInstancesAfterBackupRestoration (49ms)
Platform modules already initialized, skipping
Refreshing native plugins compatible for Editor in 4.02 ms, found 3 plugins.
Preloading 0 native plugins for Editor in 0.00 ms.
Unloading 5099 Unused Serialized files (Serialized files now loaded: 0)
Unloading 27 unused Assets / (307.1 KB). Loaded Objects now: 5716.
Memory consumption went from 211.1 MB to 210.8 MB.
Total: 65.737600 ms (FindLiveObjects: 1.573100 ms CreateObjectMapping: 3.068200 ms MarkObjects: 60.715600 ms  DeleteObjects: 0.377700 ms)

AssetImportParameters requested are different than current active one (requested -> active):
  custom:video-decoder-ogg-theora: a1e56fd34408186e4bbccfd4996cb3dc -> 
  custom:container-muxer-webm: aa71ff27fc2769a1b78a27578f13a17b -> 
  custom:container-demuxer-webm: 4f35f7cbe854078d1ac9338744f61a02 -> 
  custom:video-encoder-webm-vp8: eb34c28f22e8b96e1ab97ce403110664 -> 
  custom:CustomObjectIndexerAttribute: 6b0e35c9178b02a6363f3721b7b8e397 -> 
  custom:audio-encoder-webm-vorbis: bf7c407c2cedff20999df2af8eb42d56 -> 
  custom:framework-win-MediaFoundation: 216162199b28c13a410421893ffa2e32 -> 
  custom:SearchIndexIgnoredProperties: e643bd26f0fe6173181afceb89e7c659 -> 
  custom:container-demuxer-ogg: 62fdf1f143b41e24485cea50d1cbac27 -> 
  custom:video-decoder-webm-vp8: 9c59270c3fd7afecdb556c50c9e8de78 -> 
  custom:audio-decoder-ogg-vorbis: bf7c407c2cedff20999df2af8eb42d56 -> 
========================================================================
Received Import Request.
  Time since last request: 74.900749 seconds.
  path: Assets/Scripts/Managers/GameManager.cs
  artifactKey: Guid(d23f7e9ac5982da43a83646b85ab0823) Importer(815301076,1909f56bfc062723c751e8b465ee728b)
Number of updated assets reloaded before import = 0
Start importing Assets/Scripts/Managers/GameManager.cs using Guid(d23f7e9ac5982da43a83646b85ab0823) Importer(815301076,1909f56bfc062723c751e8b465ee728b)  -> (artifact id: 'f24229289dff2171c1c29f5c6034b5b8') in 0.047641 seconds 
Number of asset objects unloaded after import = 0
========================================================================
Received Prepare
Registering precompiled user dll's ...
Registered in 0.032801 seconds.
Begin MonoManager ReloadAssembly
Native extension for WindowsStandalone target not found
Native extension for WebGL target not found
Refreshing native plugins compatible for Editor in 1.72 ms, found 3 plugins.
Preloading 0 native plugins for Editor in 0.00 ms.
[Package Manager] Server::EnsureServerProcessIsRunning -- launch failed, reason: Unity was launched with the -noUpm command-line argument
[Package Manager] Cannot connect to Unity Package Manager local server
Mono: successfully reloaded assembly
- Completed reload, in  6.061 seconds
Domain Reload Profiling:
	ReloadAssembly (6064ms)
		BeginReloadAssembly (708ms)
			ExecutionOrderSort (0ms)
			DisableScriptedObjects (21ms)
			BackupInstance (0ms)
			ReleaseScriptingObjects (0ms)
			CreateAndSetChildDomain (163ms)
		EndReloadAssembly (4894ms)
			LoadAssemblies (1950ms)
			RebuildTransferFunctionScriptingTraits (0ms)
			SetupTypeCache (877ms)
			ReleaseScriptCaches (7ms)
			RebuildScriptCaches (151ms)
			SetupLoadedEditorAssemblies (1923ms)
				LogAssemblyErrors (0ms)
				InitializePlatformSupportModulesInManaged (27ms)
				SetLoadedEditorAssemblies (2ms)
				RefreshPlugins (2ms)
				BeforeProcessingInitializeOnLoad (202ms)
				ProcessInitializeOnLoadAttributes (1430ms)
				ProcessInitializeOnLoadMethodAttributes (195ms)
				AfterProcessingInitializeOnLoad (65ms)
				EditorAssembliesLoaded (0ms)
			ExecutionOrderSort2 (0ms)
			AwakeInstancesAfterBackupRestoration (51ms)
Platform modules already initialized, skipping
Refreshing native plugins compatible for Editor in 2.56 ms, found 3 plugins.
Preloading 0 native plugins for Editor in 0.00 ms.
Unloading 5099 Unused Serialized files (Serialized files now loaded: 0)
Unloading 27 unused Assets / (307.2 KB). Loaded Objects now: 5719.
Memory consumption went from 211.1 MB to 210.8 MB.
Total: 9.421100 ms (FindLiveObjects: 0.705300 ms CreateObjectMapping: 0.540900 ms MarkObjects: 8.020900 ms  DeleteObjects: 0.151900 ms)

AssetImportParameters requested are different than current active one (requested -> active):
  custom:video-decoder-ogg-theora: a1e56fd34408186e4bbccfd4996cb3dc -> 
  custom:container-muxer-webm: aa71ff27fc2769a1b78a27578f13a17b -> 
  custom:container-demuxer-webm: 4f35f7cbe854078d1ac9338744f61a02 -> 
  custom:video-encoder-webm-vp8: eb34c28f22e8b96e1ab97ce403110664 -> 
  custom:CustomObjectIndexerAttribute: 6b0e35c9178b02a6363f3721b7b8e397 -> 
  custom:audio-encoder-webm-vorbis: bf7c407c2cedff20999df2af8eb42d56 -> 
  custom:framework-win-MediaFoundation: 216162199b28c13a410421893ffa2e32 -> 
  custom:SearchIndexIgnoredProperties: e643bd26f0fe6173181afceb89e7c659 -> 
  custom:container-demuxer-ogg: 62fdf1f143b41e24485cea50d1cbac27 -> 
  custom:video-decoder-webm-vp8: 9c59270c3fd7afecdb556c50c9e8de78 -> 
  custom:audio-decoder-ogg-vorbis: bf7c407c2cedff20999df2af8eb42d56 -> 
========================================================================
Received Import Request.
  Time since last request: 109.801935 seconds.
  path: Assets/Prefabs
  artifactKey: Guid(f493cd1aaf4af91459859a13fe923bff) Importer(815301076,1909f56bfc062723c751e8b465ee728b)
Number of updated assets reloaded before import = 0
Start importing Assets/Prefabs using Guid(f493cd1aaf4af91459859a13fe923bff) Importer(815301076,1909f56bfc062723c751e8b465ee728b)  -> (artifact id: '07745148cf146f7e8f9f877456a04674') in 0.037105 seconds 
Number of asset objects unloaded after import = 0
========================================================================
Received Import Request.
  Time since last request: 20.024227 seconds.
  path: Assets/Prefabs/Managers
  artifactKey: Guid(7bf09d9e483d6d743a827e2c10175889) Importer(815301076,1909f56bfc062723c751e8b465ee728b)
Number of updated assets reloaded before import = 0
Start importing Assets/Prefabs/Managers using Guid(7bf09d9e483d6d743a827e2c10175889) Importer(815301076,1909f56bfc062723c751e8b465ee728b)  -> (artifact id: 'e38a13d7cbf28ddd3e10a190b3e76e16') in 0.035489 seconds 
Number of asset objects unloaded after import = 0
========================================================================
Received Import Request.
  Time since last request: 12.889978 seconds.
  path: Assets/Prefabs/Managers/GameManager.prefab
  artifactKey: Guid(d509c36cddc9c2248801ab744fd28e25) Importer(815301076,1909f56bfc062723c751e8b465ee728b)
Number of updated assets reloaded before import = 0
Start importing Assets/Prefabs/Managers/GameManager.prefab using Guid(d509c36cddc9c2248801ab744fd28e25) Importer(815301076,1909f56bfc062723c751e8b465ee728b)  -> (artifact id: 'c90fc8345383a775d5345c80e47c285b') in 0.101279 seconds 
Number of asset objects unloaded after import = 5
========================================================================
Received Prepare
Registering precompiled user dll's ...
Registered in 0.032090 seconds.
Begin MonoManager ReloadAssembly
Native extension for WindowsStandalone target not found
Native extension for WebGL target not found
Refreshing native plugins compatible for Editor in 19.78 ms, found 3 plugins.
Preloading 0 native plugins for Editor in 0.00 ms.
[Package Manager] Server::EnsureServerProcessIsRunning -- launch failed, reason: Unity was launched with the -noUpm command-line argument
[Package Manager] Cannot connect to Unity Package Manager local server
Mono: successfully reloaded assembly
- Completed reload, in  9.021 seconds
Domain Reload Profiling:
	ReloadAssembly (9023ms)
		BeginReloadAssembly (1233ms)
			ExecutionOrderSort (0ms)
			DisableScriptedObjects (37ms)
			BackupInstance (0ms)
			ReleaseScriptingObjects (0ms)
			CreateAndSetChildDomain (220ms)
		EndReloadAssembly (7143ms)
			LoadAssemblies (1207ms)
			RebuildTransferFunctionScriptingTraits (0ms)
			SetupTypeCache (2346ms)
			ReleaseScriptCaches (7ms)
			RebuildScriptCaches (464ms)
			SetupLoadedEditorAssemblies (3340ms)
				LogAssemblyErrors (0ms)
				InitializePlatformSupportModulesInManaged (164ms)
				SetLoadedEditorAssemblies (14ms)
				RefreshPlugins (22ms)
				BeforeProcessingInitializeOnLoad (529ms)
				ProcessInitializeOnLoadAttributes (2201ms)
				ProcessInitializeOnLoadMethodAttributes (361ms)
				AfterProcessingInitializeOnLoad (47ms)
				EditorAssembliesLoaded (0ms)
			ExecutionOrderSort2 (0ms)
			AwakeInstancesAfterBackupRestoration (34ms)
Platform modules already initialized, skipping
Refreshing native plugins compatible for Editor in 2.78 ms, found 3 plugins.
Preloading 0 native plugins for Editor in 0.00 ms.
Unloading 5099 Unused Serialized files (Serialized files now loaded: 0)
Unloading 27 unused Assets / (307.3 KB). Loaded Objects now: 5723.
Memory consumption went from 211.1 MB to 210.8 MB.
Total: 10.392100 ms (FindLiveObjects: 0.727300 ms CreateObjectMapping: 0.873400 ms MarkObjects: 8.672700 ms  DeleteObjects: 0.116900 ms)

AssetImportParameters requested are different than current active one (requested -> active):
  custom:video-decoder-ogg-theora: a1e56fd34408186e4bbccfd4996cb3dc -> 
  custom:container-muxer-webm: aa71ff27fc2769a1b78a27578f13a17b -> 
  custom:container-demuxer-webm: 4f35f7cbe854078d1ac9338744f61a02 -> 
  custom:video-encoder-webm-vp8: eb34c28f22e8b96e1ab97ce403110664 -> 
  custom:CustomObjectIndexerAttribute: 6b0e35c9178b02a6363f3721b7b8e397 -> 
  custom:audio-encoder-webm-vorbis: bf7c407c2cedff20999df2af8eb42d56 -> 
  custom:framework-win-MediaFoundation: 216162199b28c13a410421893ffa2e32 -> 
  custom:SearchIndexIgnoredProperties: e643bd26f0fe6173181afceb89e7c659 -> 
  custom:container-demuxer-ogg: 62fdf1f143b41e24485cea50d1cbac27 -> 
  custom:video-decoder-webm-vp8: 9c59270c3fd7afecdb556c50c9e8de78 -> 
  custom:audio-decoder-ogg-vorbis: bf7c407c2cedff20999df2af8eb42d56 -> 
========================================================================
Received Import Request.
  Time since last request: 653.021651 seconds.
  path: Assets/Scripts/Managers
  artifactKey: Guid(971a03dfc3ffd9a47b144d95225d6d02) Importer(815301076,1909f56bfc062723c751e8b465ee728b)
Number of updated assets reloaded before import = 0
Start importing Assets/Scripts/Managers using Guid(971a03dfc3ffd9a47b144d95225d6d02) Importer(815301076,1909f56bfc062723c751e8b465ee728b)  -> (artifact id: 'df65425ae9c3c3ccd9dd41a8c644bc5d') in 0.156401 seconds 
Number of asset objects unloaded after import = 0
========================================================================
Received Import Request.
  Time since last request: 9.102196 seconds.
  path: Assets/Scripts/Managers/GameEvents.cs
  artifactKey: Guid(b35804e26f91bbb45aac979a69fbacbe) Importer(815301076,1909f56bfc062723c751e8b465ee728b)
Number of updated assets reloaded before import = 0
Start importing Assets/Scripts/Managers/GameEvents.cs using Guid(b35804e26f91bbb45aac979a69fbacbe) Importer(815301076,1909f56bfc062723c751e8b465ee728b)  -> (artifact id: '462d73edef1439a70b7789027d4b4975') in 0.089520 seconds 
Number of asset objects unloaded after import = 0
========================================================================
Received Prepare
Registering precompiled user dll's ...
Registered in 0.030206 seconds.
Begin MonoManager ReloadAssembly
Native extension for WindowsStandalone target not found
Native extension for WebGL target not found
Refreshing native plugins compatible for Editor in 3.31 ms, found 3 plugins.
Preloading 0 native plugins for Editor in 0.00 ms.
[Package Manager] Server::EnsureServerProcessIsRunning -- launch failed, reason: Unity was launched with the -noUpm command-line argument
[Package Manager] Cannot connect to Unity Package Manager local server
Mono: successfully reloaded assembly
- Completed reload, in  4.643 seconds
Domain Reload Profiling:
	ReloadAssembly (4645ms)
		BeginReloadAssembly (481ms)
			ExecutionOrderSort (0ms)
			DisableScriptedObjects (14ms)
			BackupInstance (0ms)
			ReleaseScriptingObjects (0ms)
			CreateAndSetChildDomain (113ms)
		EndReloadAssembly (3863ms)
			LoadAssemblies (391ms)
			RebuildTransferFunctionScriptingTraits (0ms)
			SetupTypeCache (1184ms)
			ReleaseScriptCaches (3ms)
			RebuildScriptCaches (160ms)
			SetupLoadedEditorAssemblies (1869ms)
				LogAssemblyErrors (0ms)
				InitializePlatformSupportModulesInManaged (37ms)
				SetLoadedEditorAssemblies (1ms)
				RefreshPlugins (3ms)
				BeforeProcessingInitializeOnLoad (274ms)
				ProcessInitializeOnLoadAttributes (1303ms)
				ProcessInitializeOnLoadMethodAttributes (205ms)
				AfterProcessingInitializeOnLoad (45ms)
				EditorAssembliesLoaded (0ms)
			ExecutionOrderSort2 (0ms)
			AwakeInstancesAfterBackupRestoration (31ms)
Platform modules already initialized, skipping
Refreshing native plugins compatible for Editor in 3.53 ms, found 3 plugins.
Preloading 0 native plugins for Editor in 0.00 ms.
Unloading 5100 Unused Serialized files (Serialized files now loaded: 0)
Unloading 27 unused Assets / (307.2 KB). Loaded Objects now: 5727.
Memory consumption went from 211.1 MB to 210.8 MB.
Total: 11.111500 ms (FindLiveObjects: 1.318600 ms CreateObjectMapping: 0.936100 ms MarkObjects: 8.728600 ms  DeleteObjects: 0.125700 ms)

AssetImportParameters requested are different than current active one (requested -> active):
  custom:video-decoder-ogg-theora: a1e56fd34408186e4bbccfd4996cb3dc -> 
  custom:container-muxer-webm: aa71ff27fc2769a1b78a27578f13a17b -> 
  custom:container-demuxer-webm: 4f35f7cbe854078d1ac9338744f61a02 -> 
  custom:video-encoder-webm-vp8: eb34c28f22e8b96e1ab97ce403110664 -> 
  custom:CustomObjectIndexerAttribute: 6b0e35c9178b02a6363f3721b7b8e397 -> 
  custom:audio-encoder-webm-vorbis: bf7c407c2cedff20999df2af8eb42d56 -> 
  custom:framework-win-MediaFoundation: 216162199b28c13a410421893ffa2e32 -> 
  custom:SearchIndexIgnoredProperties: e643bd26f0fe6173181afceb89e7c659 -> 
  custom:container-demuxer-ogg: 62fdf1f143b41e24485cea50d1cbac27 -> 
  custom:video-decoder-webm-vp8: 9c59270c3fd7afecdb556c50c9e8de78 -> 
  custom:audio-decoder-ogg-vorbis: bf7c407c2cedff20999df2af8eb42d56 -> 
========================================================================
Received Prepare
Registering precompiled user dll's ...
Registered in 0.019142 seconds.
Begin MonoManager ReloadAssembly
Native extension for WindowsStandalone target not found
Native extension for WebGL target not found
Refreshing native plugins compatible for Editor in 1.90 ms, found 3 plugins.
Preloading 0 native plugins for Editor in 0.00 ms.
[Package Manager] Server::EnsureServerProcessIsRunning -- launch failed, reason: Unity was launched with the -noUpm command-line argument
[Package Manager] Cannot connect to Unity Package Manager local server
Mono: successfully reloaded assembly
- Completed reload, in  3.856 seconds
Domain Reload Profiling:
	ReloadAssembly (3858ms)
		BeginReloadAssembly (450ms)
			ExecutionOrderSort (0ms)
			DisableScriptedObjects (13ms)
			BackupInstance (0ms)
			ReleaseScriptingObjects (0ms)
			CreateAndSetChildDomain (88ms)
		EndReloadAssembly (3120ms)
			LoadAssemblies (361ms)
			RebuildTransferFunctionScriptingTraits (0ms)
			SetupTypeCache (884ms)
			ReleaseScriptCaches (3ms)
			RebuildScriptCaches (120ms)
			SetupLoadedEditorAssemblies (1735ms)
				LogAssemblyErrors (0ms)
				InitializePlatformSupportModulesInManaged (28ms)
				SetLoadedEditorAssemblies (2ms)
				RefreshPlugins (2ms)
				BeforeProcessingInitializeOnLoad (218ms)
				ProcessInitializeOnLoadAttributes (1256ms)
				ProcessInitializeOnLoadMethodAttributes (183ms)
				AfterProcessingInitializeOnLoad (45ms)
				EditorAssembliesLoaded (0ms)
			ExecutionOrderSort2 (0ms)
			AwakeInstancesAfterBackupRestoration (28ms)
Platform modules already initialized, skipping
Refreshing native plugins compatible for Editor in 2.55 ms, found 3 plugins.
Preloading 0 native plugins for Editor in 0.00 ms.
Unloading 5101 Unused Serialized files (Serialized files now loaded: 0)
Unloading 27 unused Assets / (307.2 KB). Loaded Objects now: 5731.
Memory consumption went from 211.0 MB to 210.7 MB.
Total: 9.069300 ms (FindLiveObjects: 0.717400 ms CreateObjectMapping: 0.543400 ms MarkObjects: 7.691700 ms  DeleteObjects: 0.114900 ms)

AssetImportParameters requested are different than current active one (requested -> active):
  custom:video-decoder-ogg-theora: a1e56fd34408186e4bbccfd4996cb3dc -> 
  custom:container-muxer-webm: aa71ff27fc2769a1b78a27578f13a17b -> 
  custom:container-demuxer-webm: 4f35f7cbe854078d1ac9338744f61a02 -> 
  custom:video-encoder-webm-vp8: eb34c28f22e8b96e1ab97ce403110664 -> 
  custom:CustomObjectIndexerAttribute: 6b0e35c9178b02a6363f3721b7b8e397 -> 
  custom:audio-encoder-webm-vorbis: bf7c407c2cedff20999df2af8eb42d56 -> 
  custom:framework-win-MediaFoundation: 216162199b28c13a410421893ffa2e32 -> 
  custom:SearchIndexIgnoredProperties: e643bd26f0fe6173181afceb89e7c659 -> 
  custom:container-demuxer-ogg: 62fdf1f143b41e24485cea50d1cbac27 -> 
  custom:video-decoder-webm-vp8: 9c59270c3fd7afecdb556c50c9e8de78 -> 
  custom:audio-decoder-ogg-vorbis: bf7c407c2cedff20999df2af8eb42d56 -> 
========================================================================
Received Import Request.
  Time since last request: 104.750420 seconds.
  path: Assets/Scripts/Managers/NewBehaviourScript.cs
  artifactKey: Guid(4f8c55648bbb9884a9e62245ff8fe095) Importer(815301076,1909f56bfc062723c751e8b465ee728b)
Number of updated assets reloaded before import = 0
Start importing Assets/Scripts/Managers/NewBehaviourScript.cs using Guid(4f8c55648bbb9884a9e62245ff8fe095) Importer(815301076,1909f56bfc062723c751e8b465ee728b)  -> (artifact id: '8ca5c20542234c3100c4f8d91fe48966') in 0.035027 seconds 
Number of asset objects unloaded after import = 0
========================================================================
Received Prepare
Registering precompiled user dll's ...
Registered in 0.031706 seconds.
Begin MonoManager ReloadAssembly
Native extension for WindowsStandalone target not found
Native extension for WebGL target not found
Refreshing native plugins compatible for Editor in 2.48 ms, found 3 plugins.
Preloading 0 native plugins for Editor in 0.00 ms.
[Package Manager] Server::EnsureServerProcessIsRunning -- launch failed, reason: Unity was launched with the -noUpm command-line argument
[Package Manager] Cannot connect to Unity Package Manager local server
Mono: successfully reloaded assembly
- Completed reload, in  4.613 seconds
Domain Reload Profiling:
	ReloadAssembly (4615ms)
		BeginReloadAssembly (596ms)
			ExecutionOrderSort (0ms)
			DisableScriptedObjects (13ms)
			BackupInstance (0ms)
			ReleaseScriptingObjects (0ms)
			CreateAndSetChildDomain (162ms)
		EndReloadAssembly (3668ms)
			LoadAssemblies (436ms)
			RebuildTransferFunctionScriptingTraits (0ms)
			SetupTypeCache (1072ms)
			ReleaseScriptCaches (3ms)
			RebuildScriptCaches (123ms)
			SetupLoadedEditorAssemblies (2080ms)
				LogAssemblyErrors (0ms)
				InitializePlatformSupportModulesInManaged (29ms)
				SetLoadedEditorAssemblies (2ms)
				RefreshPlugins (3ms)
				BeforeProcessingInitializeOnLoad (410ms)
				ProcessInitializeOnLoadAttributes (1402ms)
				ProcessInitializeOnLoadMethodAttributes (188ms)
				AfterProcessingInitializeOnLoad (47ms)
				EditorAssembliesLoaded (0ms)
			ExecutionOrderSort2 (0ms)
			AwakeInstancesAfterBackupRestoration (29ms)
Platform modules already initialized, skipping
Refreshing native plugins compatible for Editor in 2.65 ms, found 3 plugins.
Preloading 0 native plugins for Editor in 0.00 ms.
Unloading 5100 Unused Serialized files (Serialized files now loaded: 0)
Unloading 28 unused Assets / (307.2 KB). Loaded Objects now: 5733.
Memory consumption went from 211.1 MB to 210.8 MB.
Total: 15.707500 ms (FindLiveObjects: 1.143700 ms CreateObjectMapping: 2.316200 ms MarkObjects: 12.089900 ms  DeleteObjects: 0.155900 ms)

AssetImportParameters requested are different than current active one (requested -> active):
  custom:video-decoder-ogg-theora: a1e56fd34408186e4bbccfd4996cb3dc -> 
  custom:container-muxer-webm: aa71ff27fc2769a1b78a27578f13a17b -> 
  custom:container-demuxer-webm: 4f35f7cbe854078d1ac9338744f61a02 -> 
  custom:video-encoder-webm-vp8: eb34c28f22e8b96e1ab97ce403110664 -> 
  custom:CustomObjectIndexerAttribute: 6b0e35c9178b02a6363f3721b7b8e397 -> 
  custom:audio-encoder-webm-vorbis: bf7c407c2cedff20999df2af8eb42d56 -> 
  custom:framework-win-MediaFoundation: 216162199b28c13a410421893ffa2e32 -> 
  custom:SearchIndexIgnoredProperties: e643bd26f0fe6173181afceb89e7c659 -> 
  custom:container-demuxer-ogg: 62fdf1f143b41e24485cea50d1cbac27 -> 
  custom:video-decoder-webm-vp8: 9c59270c3fd7afecdb556c50c9e8de78 -> 
  custom:audio-decoder-ogg-vorbis: bf7c407c2cedff20999df2af8eb42d56 -> 
========================================================================
Received Import Request.
  Time since last request: 2532.347806 seconds.
  path: Assets/Scripts/Managers/GameEvents.cs
  artifactKey: Guid(b35804e26f91bbb45aac979a69fbacbe) Importer(815301076,1909f56bfc062723c751e8b465ee728b)
Number of updated assets reloaded before import = 0
Start importing Assets/Scripts/Managers/GameEvents.cs using Guid(b35804e26f91bbb45aac979a69fbacbe) Importer(815301076,1909f56bfc062723c751e8b465ee728b)  -> (artifact id: 'c4b9cb8a5a2289d4f3eee6df0eefd49c') in 0.060448 seconds 
Number of asset objects unloaded after import = 0
========================================================================
Received Prepare
Registering precompiled user dll's ...
Registered in 0.019893 seconds.
Begin MonoManager ReloadAssembly
Native extension for WindowsStandalone target not found
Native extension for WebGL target not found
Refreshing native plugins compatible for Editor in 1.67 ms, found 3 plugins.
Preloading 0 native plugins for Editor in 0.00 ms.
[Package Manager] Server::EnsureServerProcessIsRunning -- launch failed, reason: Unity was launched with the -noUpm command-line argument
[Package Manager] Cannot connect to Unity Package Manager local server
Mono: successfully reloaded assembly
- Completed reload, in  5.506 seconds
Domain Reload Profiling:
	ReloadAssembly (5508ms)
		BeginReloadAssembly (470ms)
			ExecutionOrderSort (0ms)
			DisableScriptedObjects (20ms)
			BackupInstance (0ms)
			ReleaseScriptingObjects (0ms)
			CreateAndSetChildDomain (83ms)
		EndReloadAssembly (4355ms)
			LoadAssemblies (410ms)
			RebuildTransferFunctionScriptingTraits (0ms)
			SetupTypeCache (1739ms)
			ReleaseScriptCaches (7ms)
			RebuildScriptCaches (160ms)
			SetupLoadedEditorAssemblies (2004ms)
				LogAssemblyErrors (0ms)
				InitializePlatformSupportModulesInManaged (33ms)
				SetLoadedEditorAssemblies (1ms)
				RefreshPlugins (2ms)
				BeforeProcessingInitializeOnLoad (296ms)
				ProcessInitializeOnLoadAttributes (1351ms)
				ProcessInitializeOnLoadMethodAttributes (273ms)
				AfterProcessingInitializeOnLoad (47ms)
				EditorAssembliesLoaded (0ms)
			ExecutionOrderSort2 (0ms)
			AwakeInstancesAfterBackupRestoration (26ms)
Platform modules already initialized, skipping
Refreshing native plugins compatible for Editor in 3.66 ms, found 3 plugins.
Preloading 0 native plugins for Editor in 0.00 ms.
Unloading 5100 Unused Serialized files (Serialized files now loaded: 0)
Unloading 27 unused Assets / (307.2 KB). Loaded Objects now: 5736.
Memory consumption went from 211.1 MB to 210.8 MB.
Total: 10.629500 ms (FindLiveObjects: 0.677300 ms CreateObjectMapping: 0.532800 ms MarkObjects: 9.265000 ms  DeleteObjects: 0.152200 ms)

AssetImportParameters requested are different than current active one (requested -> active):
  custom:video-decoder-ogg-theora: a1e56fd34408186e4bbccfd4996cb3dc -> 
  custom:container-muxer-webm: aa71ff27fc2769a1b78a27578f13a17b -> 
  custom:container-demuxer-webm: 4f35f7cbe854078d1ac9338744f61a02 -> 
  custom:video-encoder-webm-vp8: eb34c28f22e8b96e1ab97ce403110664 -> 
  custom:CustomObjectIndexerAttribute: 6b0e35c9178b02a6363f3721b7b8e397 -> 
  custom:audio-encoder-webm-vorbis: bf7c407c2cedff20999df2af8eb42d56 -> 
  custom:framework-win-MediaFoundation: 216162199b28c13a410421893ffa2e32 -> 
  custom:SearchIndexIgnoredProperties: e643bd26f0fe6173181afceb89e7c659 -> 
  custom:container-demuxer-ogg: 62fdf1f143b41e24485cea50d1cbac27 -> 
  custom:video-decoder-webm-vp8: 9c59270c3fd7afecdb556c50c9e8de78 -> 
  custom:audio-decoder-ogg-vorbis: bf7c407c2cedff20999df2af8eb42d56 -> 
========================================================================
Received Prepare
Registering precompiled user dll's ...
Registered in 0.028735 seconds.
Begin MonoManager ReloadAssembly
Native extension for WindowsStandalone target not found
Native extension for WebGL target not found
Refreshing native plugins compatible for Editor in 2.90 ms, found 3 plugins.
Preloading 0 native plugins for Editor in 0.00 ms.
[Package Manager] Server::EnsureServerProcessIsRunning -- launch failed, reason: Unity was launched with the -noUpm command-line argument
[Package Manager] Cannot connect to Unity Package Manager local server
Mono: successfully reloaded assembly
- Completed reload, in  6.079 seconds
Domain Reload Profiling:
	ReloadAssembly (6080ms)
		BeginReloadAssembly (648ms)
			ExecutionOrderSort (0ms)
			DisableScriptedObjects (17ms)
			BackupInstance (0ms)
			ReleaseScriptingObjects (0ms)
			CreateAndSetChildDomain (143ms)
		EndReloadAssembly (5068ms)
			LoadAssemblies (523ms)
			RebuildTransferFunctionScriptingTraits (0ms)
			SetupTypeCache (2038ms)
			ReleaseScriptCaches (6ms)
			RebuildScriptCaches (415ms)
			SetupLoadedEditorAssemblies (1912ms)
				LogAssemblyErrors (0ms)
				InitializePlatformSupportModulesInManaged (54ms)
				SetLoadedEditorAssemblies (2ms)
				RefreshPlugins (3ms)
				BeforeProcessingInitializeOnLoad (232ms)
				ProcessInitializeOnLoadAttributes (1359ms)
				ProcessInitializeOnLoadMethodAttributes (209ms)
				AfterProcessingInitializeOnLoad (54ms)
				EditorAssembliesLoaded (0ms)
			ExecutionOrderSort2 (0ms)
			AwakeInstancesAfterBackupRestoration (31ms)
Platform modules already initialized, skipping
Refreshing native plugins compatible for Editor in 3.00 ms, found 3 plugins.
Preloading 0 native plugins for Editor in 0.00 ms.
Unloading 5100 Unused Serialized files (Serialized files now loaded: 0)
Unloading 27 unused Assets / (307.3 KB). Loaded Objects now: 5739.
Memory consumption went from 211.2 MB to 210.9 MB.
Total: 6.581600 ms (FindLiveObjects: 0.664200 ms CreateObjectMapping: 0.513500 ms MarkObjects: 5.285900 ms  DeleteObjects: 0.116200 ms)

AssetImportParameters requested are different than current active one (requested -> active):
  custom:video-decoder-ogg-theora: a1e56fd34408186e4bbccfd4996cb3dc -> 
  custom:container-muxer-webm: aa71ff27fc2769a1b78a27578f13a17b -> 
  custom:container-demuxer-webm: 4f35f7cbe854078d1ac9338744f61a02 -> 
  custom:video-encoder-webm-vp8: eb34c28f22e8b96e1ab97ce403110664 -> 
  custom:CustomObjectIndexerAttribute: 6b0e35c9178b02a6363f3721b7b8e397 -> 
  custom:audio-encoder-webm-vorbis: bf7c407c2cedff20999df2af8eb42d56 -> 
  custom:framework-win-MediaFoundation: 216162199b28c13a410421893ffa2e32 -> 
  custom:SearchIndexIgnoredProperties: e643bd26f0fe6173181afceb89e7c659 -> 
  custom:container-demuxer-ogg: 62fdf1f143b41e24485cea50d1cbac27 -> 
  custom:video-decoder-webm-vp8: 9c59270c3fd7afecdb556c50c9e8de78 -> 
  custom:audio-decoder-ogg-vorbis: bf7c407c2cedff20999df2af8eb42d56 -> 
========================================================================
Received Prepare
Registering precompiled user dll's ...
Registered in 0.048396 seconds.
Begin MonoManager ReloadAssembly
Native extension for WindowsStandalone target not found
Native extension for WebGL target not found
Refreshing native plugins compatible for Editor in 3.44 ms, found 3 plugins.
Preloading 0 native plugins for Editor in 0.00 ms.
[Package Manager] Server::EnsureServerProcessIsRunning -- launch failed, reason: Unity was launched with the -noUpm command-line argument
[Package Manager] Cannot connect to Unity Package Manager local server
Mono: successfully reloaded assembly
- Completed reload, in  5.516 seconds
Domain Reload Profiling:
	ReloadAssembly (5518ms)
		BeginReloadAssembly (515ms)
			ExecutionOrderSort (0ms)
			DisableScriptedObjects (12ms)
			BackupInstance (0ms)
			ReleaseScriptingObjects (0ms)
			CreateAndSetChildDomain (108ms)
		EndReloadAssembly (4634ms)
			LoadAssemblies (413ms)
			RebuildTransferFunctionScriptingTraits (0ms)
			SetupTypeCache (1096ms)
			ReleaseScriptCaches (5ms)
			RebuildScriptCaches (215ms)
			SetupLoadedEditorAssemblies (2755ms)
				LogAssemblyErrors (0ms)
				InitializePlatformSupportModulesInManaged (46ms)
				SetLoadedEditorAssemblies (2ms)
				RefreshPlugins (4ms)
				BeforeProcessingInitializeOnLoad (278ms)
				ProcessInitializeOnLoadAttributes (2076ms)
				ProcessInitializeOnLoadMethodAttributes (297ms)
				AfterProcessingInitializeOnLoad (51ms)
				EditorAssembliesLoaded (1ms)
			ExecutionOrderSort2 (0ms)
			AwakeInstancesAfterBackupRestoration (33ms)
Platform modules already initialized, skipping
Refreshing native plugins compatible for Editor in 2.85 ms, found 3 plugins.
Preloading 0 native plugins for Editor in 0.00 ms.
Unloading 5100 Unused Serialized files (Serialized files now loaded: 0)
Unloading 27 unused Assets / (307.2 KB). Loaded Objects now: 5742.
Memory consumption went from 211.2 MB to 210.9 MB.
Total: 9.005400 ms (FindLiveObjects: 0.730700 ms CreateObjectMapping: 0.925000 ms MarkObjects: 7.188100 ms  DeleteObjects: 0.159100 ms)

AssetImportParameters requested are different than current active one (requested -> active):
  custom:video-decoder-ogg-theora: a1e56fd34408186e4bbccfd4996cb3dc -> 
  custom:container-muxer-webm: aa71ff27fc2769a1b78a27578f13a17b -> 
  custom:container-demuxer-webm: 4f35f7cbe854078d1ac9338744f61a02 -> 
  custom:video-encoder-webm-vp8: eb34c28f22e8b96e1ab97ce403110664 -> 
  custom:CustomObjectIndexerAttribute: 6b0e35c9178b02a6363f3721b7b8e397 -> 
  custom:audio-encoder-webm-vorbis: bf7c407c2cedff20999df2af8eb42d56 -> 
  custom:framework-win-MediaFoundation: 216162199b28c13a410421893ffa2e32 -> 
  custom:SearchIndexIgnoredProperties: e643bd26f0fe6173181afceb89e7c659 -> 
  custom:container-demuxer-ogg: 62fdf1f143b41e24485cea50d1cbac27 -> 
  custom:video-decoder-webm-vp8: 9c59270c3fd7afecdb556c50c9e8de78 -> 
  custom:audio-decoder-ogg-vorbis: bf7c407c2cedff20999df2af8eb42d56 -> 
========================================================================
Received Prepare
Registering precompiled user dll's ...
Registered in 0.026510 seconds.
Begin MonoManager ReloadAssembly
Native extension for WindowsStandalone target not found
Native extension for WebGL target not found
Refreshing native plugins compatible for Editor in 1.53 ms, found 3 plugins.
Preloading 0 native plugins for Editor in 0.00 ms.
[Package Manager] Server::EnsureServerProcessIsRunning -- launch failed, reason: Unity was launched with the -noUpm command-line argument
[Package Manager] Cannot connect to Unity Package Manager local server
Mono: successfully reloaded assembly
- Completed reload, in  5.873 seconds
Domain Reload Profiling:
	ReloadAssembly (5879ms)
		BeginReloadAssembly (883ms)
			ExecutionOrderSort (0ms)
			DisableScriptedObjects (15ms)
			BackupInstance (0ms)
			ReleaseScriptingObjects (0ms)
			CreateAndSetChildDomain (116ms)
		EndReloadAssembly (4676ms)
			LoadAssemblies (707ms)
			RebuildTransferFunctionScriptingTraits (0ms)
			SetupTypeCache (912ms)
			ReleaseScriptCaches (4ms)
			RebuildScriptCaches (205ms)
			SetupLoadedEditorAssemblies (2937ms)
				LogAssemblyErrors (0ms)
				InitializePlatformSupportModulesInManaged (27ms)
				SetLoadedEditorAssemblies (1ms)
				RefreshPlugins (2ms)
				BeforeProcessingInitializeOnLoad (222ms)
				ProcessInitializeOnLoadAttributes (1698ms)
				ProcessInitializeOnLoadMethodAttributes (821ms)
				AfterProcessingInitializeOnLoad (166ms)
				EditorAssembliesLoaded (1ms)
			ExecutionOrderSort2 (0ms)
			AwakeInstancesAfterBackupRestoration (77ms)
Platform modules already initialized, skipping
Refreshing native plugins compatible for Editor in 3.10 ms, found 3 plugins.
Preloading 0 native plugins for Editor in 0.00 ms.
Unloading 5100 Unused Serialized files (Serialized files now loaded: 0)
Unloading 27 unused Assets / (307.2 KB). Loaded Objects now: 5745.
Memory consumption went from 211.0 MB to 210.7 MB.
Total: 7.213700 ms (FindLiveObjects: 0.688700 ms CreateObjectMapping: 0.582500 ms MarkObjects: 5.824900 ms  DeleteObjects: 0.115200 ms)

AssetImportParameters requested are different than current active one (requested -> active):
  custom:video-decoder-ogg-theora: a1e56fd34408186e4bbccfd4996cb3dc -> 
  custom:container-muxer-webm: aa71ff27fc2769a1b78a27578f13a17b -> 
  custom:container-demuxer-webm: 4f35f7cbe854078d1ac9338744f61a02 -> 
  custom:video-encoder-webm-vp8: eb34c28f22e8b96e1ab97ce403110664 -> 
  custom:CustomObjectIndexerAttribute: 6b0e35c9178b02a6363f3721b7b8e397 -> 
  custom:audio-encoder-webm-vorbis: bf7c407c2cedff20999df2af8eb42d56 -> 
  custom:framework-win-MediaFoundation: 216162199b28c13a410421893ffa2e32 -> 
  custom:SearchIndexIgnoredProperties: e643bd26f0fe6173181afceb89e7c659 -> 
  custom:container-demuxer-ogg: 62fdf1f143b41e24485cea50d1cbac27 -> 
  custom:video-decoder-webm-vp8: 9c59270c3fd7afecdb556c50c9e8de78 -> 
  custom:audio-decoder-ogg-vorbis: bf7c407c2cedff20999df2af8eb42d56 -> 
========================================================================
Received Prepare
Registering precompiled user dll's ...
Registered in 0.034822 seconds.
Begin MonoManager ReloadAssembly
Native extension for WindowsStandalone target not found
Native extension for WebGL target not found
Refreshing native plugins compatible for Editor in 4.73 ms, found 3 plugins.
Preloading 0 native plugins for Editor in 0.00 ms.
[Package Manager] Server::EnsureServerProcessIsRunning -- launch failed, reason: Unity was launched with the -noUpm command-line argument
[Package Manager] Cannot connect to Unity Package Manager local server
Mono: successfully reloaded assembly
- Completed reload, in  9.822 seconds
Domain Reload Profiling:
	ReloadAssembly (9826ms)
		BeginReloadAssembly (671ms)
			ExecutionOrderSort (0ms)
			DisableScriptedObjects (16ms)
			BackupInstance (0ms)
			ReleaseScriptingObjects (0ms)
			CreateAndSetChildDomain (130ms)
		EndReloadAssembly (8464ms)
			LoadAssemblies (784ms)
			RebuildTransferFunctionScriptingTraits (0ms)
			SetupTypeCache (2410ms)
			ReleaseScriptCaches (7ms)
			RebuildScriptCaches (443ms)
			SetupLoadedEditorAssemblies (4569ms)
				LogAssemblyErrors (0ms)
				InitializePlatformSupportModulesInManaged (95ms)
				SetLoadedEditorAssemblies (11ms)
				RefreshPlugins (5ms)
				BeforeProcessingInitializeOnLoad (538ms)
				ProcessInitializeOnLoadAttributes (3046ms)
				ProcessInitializeOnLoadMethodAttributes (786ms)
				AfterProcessingInitializeOnLoad (87ms)
				EditorAssembliesLoaded (1ms)
			ExecutionOrderSort2 (0ms)
			AwakeInstancesAfterBackupRestoration (55ms)
Platform modules already initialized, skipping
Refreshing native plugins compatible for Editor in 83.69 ms, found 3 plugins.
Preloading 0 native plugins for Editor in 0.00 ms.
Unloading 5100 Unused Serialized files (Serialized files now loaded: 0)
Unloading 27 unused Assets / (307.1 KB). Loaded Objects now: 5748.
Memory consumption went from 211.2 MB to 210.9 MB.
Total: 41.551300 ms (FindLiveObjects: 2.114200 ms CreateObjectMapping: 4.105000 ms MarkObjects: 35.081900 ms  DeleteObjects: 0.247000 ms)

AssetImportParameters requested are different than current active one (requested -> active):
  custom:video-decoder-ogg-theora: a1e56fd34408186e4bbccfd4996cb3dc -> 
  custom:container-muxer-webm: aa71ff27fc2769a1b78a27578f13a17b -> 
  custom:container-demuxer-webm: 4f35f7cbe854078d1ac9338744f61a02 -> 
  custom:video-encoder-webm-vp8: eb34c28f22e8b96e1ab97ce403110664 -> 
  custom:CustomObjectIndexerAttribute: 6b0e35c9178b02a6363f3721b7b8e397 -> 
  custom:audio-encoder-webm-vorbis: bf7c407c2cedff20999df2af8eb42d56 -> 
  custom:framework-win-MediaFoundation: 216162199b28c13a410421893ffa2e32 -> 
  custom:SearchIndexIgnoredProperties: e643bd26f0fe6173181afceb89e7c659 -> 
  custom:container-demuxer-ogg: 62fdf1f143b41e24485cea50d1cbac27 -> 
  custom:video-decoder-webm-vp8: 9c59270c3fd7afecdb556c50c9e8de78 -> 
  custom:audio-decoder-ogg-vorbis: bf7c407c2cedff20999df2af8eb42d56 -> 
========================================================================
Received Prepare
Registering precompiled user dll's ...
Registered in 0.056430 seconds.
Begin MonoManager ReloadAssembly
Native extension for WindowsStandalone target not found
Native extension for WebGL target not found
Refreshing native plugins compatible for Editor in 1.55 ms, found 3 plugins.
Preloading 0 native plugins for Editor in 0.00 ms.
[Package Manager] Server::EnsureServerProcessIsRunning -- launch failed, reason: Unity was launched with the -noUpm command-line argument
[Package Manager] Cannot connect to Unity Package Manager local server
Mono: successfully reloaded assembly
- Completed reload, in  4.586 seconds
Domain Reload Profiling:
	ReloadAssembly (4588ms)
		BeginReloadAssembly (456ms)
			ExecutionOrderSort (0ms)
			DisableScriptedObjects (14ms)
			BackupInstance (0ms)
			ReleaseScriptingObjects (0ms)
			CreateAndSetChildDomain (87ms)
		EndReloadAssembly (3836ms)
			LoadAssemblies (393ms)
			RebuildTransferFunctionScriptingTraits (0ms)
			SetupTypeCache (1349ms)
			ReleaseScriptCaches (5ms)
			RebuildScriptCaches (142ms)
			SetupLoadedEditorAssemblies (1792ms)
				LogAssemblyErrors (0ms)
				InitializePlatformSupportModulesInManaged (26ms)
				SetLoadedEditorAssemblies (1ms)
				RefreshPlugins (2ms)
				BeforeProcessingInitializeOnLoad (209ms)
				ProcessInitializeOnLoadAttributes (1305ms)
				ProcessInitializeOnLoadMethodAttributes (192ms)
				AfterProcessingInitializeOnLoad (56ms)
				EditorAssembliesLoaded (1ms)
			ExecutionOrderSort2 (0ms)
			AwakeInstancesAfterBackupRestoration (36ms)
Platform modules already initialized, skipping
Refreshing native plugins compatible for Editor in 3.17 ms, found 3 plugins.
Preloading 0 native plugins for Editor in 0.00 ms.
Unloading 5100 Unused Serialized files (Serialized files now loaded: 0)
Unloading 27 unused Assets / (307.1 KB). Loaded Objects now: 5751.
Memory consumption went from 211.2 MB to 210.9 MB.
Total: 13.784700 ms (FindLiveObjects: 1.038000 ms CreateObjectMapping: 0.610600 ms MarkObjects: 11.959500 ms  DeleteObjects: 0.174000 ms)

AssetImportParameters requested are different than current active one (requested -> active):
  custom:video-decoder-ogg-theora: a1e56fd34408186e4bbccfd4996cb3dc -> 
  custom:container-muxer-webm: aa71ff27fc2769a1b78a27578f13a17b -> 
  custom:container-demuxer-webm: 4f35f7cbe854078d1ac9338744f61a02 -> 
  custom:video-encoder-webm-vp8: eb34c28f22e8b96e1ab97ce403110664 -> 
  custom:CustomObjectIndexerAttribute: 6b0e35c9178b02a6363f3721b7b8e397 -> 
  custom:audio-encoder-webm-vorbis: bf7c407c2cedff20999df2af8eb42d56 -> 
  custom:framework-win-MediaFoundation: 216162199b28c13a410421893ffa2e32 -> 
  custom:SearchIndexIgnoredProperties: e643bd26f0fe6173181afceb89e7c659 -> 
  custom:container-demuxer-ogg: 62fdf1f143b41e24485cea50d1cbac27 -> 
  custom:video-decoder-webm-vp8: 9c59270c3fd7afecdb556c50c9e8de78 -> 
  custom:audio-decoder-ogg-vorbis: bf7c407c2cedff20999df2af8eb42d56 -> 
========================================================================
Received Prepare
Registering precompiled user dll's ...
Registered in 0.034147 seconds.
Begin MonoManager ReloadAssembly
Native extension for WindowsStandalone target not found
Native extension for WebGL target not found
Refreshing native plugins compatible for Editor in 3.55 ms, found 3 plugins.
Preloading 0 native plugins for Editor in 0.00 ms.
[Package Manager] Server::EnsureServerProcessIsRunning -- launch failed, reason: Unity was launched with the -noUpm command-line argument
[Package Manager] Cannot connect to Unity Package Manager local server
Mono: successfully reloaded assembly
- Completed reload, in  9.616 seconds
Domain Reload Profiling:
	ReloadAssembly (9619ms)
		BeginReloadAssembly (954ms)
			ExecutionOrderSort (0ms)
			DisableScriptedObjects (18ms)
			BackupInstance (0ms)
			ReleaseScriptingObjects (0ms)
			CreateAndSetChildDomain (139ms)
		EndReloadAssembly (7798ms)
			LoadAssemblies (764ms)
			RebuildTransferFunctionScriptingTraits (0ms)
			SetupTypeCache (2194ms)
			ReleaseScriptCaches (14ms)
			RebuildScriptCaches (373ms)
			SetupLoadedEditorAssemblies (4022ms)
				LogAssemblyErrors (0ms)
				InitializePlatformSupportModulesInManaged (60ms)
				SetLoadedEditorAssemblies (3ms)
				RefreshPlugins (4ms)
				BeforeProcessingInitializeOnLoad (528ms)
				ProcessInitializeOnLoadAttributes (2825ms)
				ProcessInitializeOnLoadMethodAttributes (458ms)
				AfterProcessingInitializeOnLoad (143ms)
				EditorAssembliesLoaded (1ms)
			ExecutionOrderSort2 (0ms)
			AwakeInstancesAfterBackupRestoration (61ms)
Platform modules already initialized, skipping
Refreshing native plugins compatible for Editor in 17.35 ms, found 3 plugins.
Preloading 0 native plugins for Editor in 0.00 ms.
Unloading 5100 Unused Serialized files (Serialized files now loaded: 0)
Unloading 27 unused Assets / (307.2 KB). Loaded Objects now: 5754.
Memory consumption went from 211.2 MB to 210.9 MB.
Total: 79.489200 ms (FindLiveObjects: 3.178800 ms CreateObjectMapping: 18.087000 ms MarkObjects: 57.678000 ms  DeleteObjects: 0.539100 ms)

AssetImportParameters requested are different than current active one (requested -> active):
  custom:video-decoder-ogg-theora: a1e56fd34408186e4bbccfd4996cb3dc -> 
  custom:container-muxer-webm: aa71ff27fc2769a1b78a27578f13a17b -> 
  custom:container-demuxer-webm: 4f35f7cbe854078d1ac9338744f61a02 -> 
  custom:video-encoder-webm-vp8: eb34c28f22e8b96e1ab97ce403110664 -> 
  custom:CustomObjectIndexerAttribute: 6b0e35c9178b02a6363f3721b7b8e397 -> 
  custom:audio-encoder-webm-vorbis: bf7c407c2cedff20999df2af8eb42d56 -> 
  custom:framework-win-MediaFoundation: 216162199b28c13a410421893ffa2e32 -> 
  custom:SearchIndexIgnoredProperties: e643bd26f0fe6173181afceb89e7c659 -> 
  custom:container-demuxer-ogg: 62fdf1f143b41e24485cea50d1cbac27 -> 
  custom:video-decoder-webm-vp8: 9c59270c3fd7afecdb556c50c9e8de78 -> 
  custom:audio-decoder-ogg-vorbis: bf7c407c2cedff20999df2af8eb42d56 -> 
========================================================================
Received Prepare
Registering precompiled user dll's ...
Registered in 0.027765 seconds.
Begin MonoManager ReloadAssembly
Native extension for WindowsStandalone target not found
Native extension for WebGL target not found
Refreshing native plugins compatible for Editor in 1.54 ms, found 3 plugins.
Preloading 0 native plugins for Editor in 0.00 ms.
[Package Manager] Server::EnsureServerProcessIsRunning -- launch failed, reason: Unity was launched with the -noUpm command-line argument
[Package Manager] Cannot connect to Unity Package Manager local server
Mono: successfully reloaded assembly
- Completed reload, in  6.577 seconds
Domain Reload Profiling:
	ReloadAssembly (6579ms)
		BeginReloadAssembly (1817ms)
			ExecutionOrderSort (0ms)
			DisableScriptedObjects (35ms)
			BackupInstance (0ms)
			ReleaseScriptingObjects (0ms)
			CreateAndSetChildDomain (246ms)
		EndReloadAssembly (4146ms)
			LoadAssemblies (1527ms)
			RebuildTransferFunctionScriptingTraits (0ms)
			SetupTypeCache (1442ms)
			ReleaseScriptCaches (3ms)
			RebuildScriptCaches (127ms)
			SetupLoadedEditorAssemblies (2109ms)
				LogAssemblyErrors (0ms)
				InitializePlatformSupportModulesInManaged (26ms)
				SetLoadedEditorAssemblies (1ms)
				RefreshPlugins (2ms)
				BeforeProcessingInitializeOnLoad (220ms)
				ProcessInitializeOnLoadAttributes (1555ms)
				ProcessInitializeOnLoadMethodAttributes (257ms)
				AfterProcessingInitializeOnLoad (48ms)
				EditorAssembliesLoaded (0ms)
			ExecutionOrderSort2 (0ms)
			AwakeInstancesAfterBackupRestoration (29ms)
Platform modules already initialized, skipping
Refreshing native plugins compatible for Editor in 5.61 ms, found 3 plugins.
Preloading 0 native plugins for Editor in 0.00 ms.
Unloading 5100 Unused Serialized files (Serialized files now loaded: 0)
Unloading 27 unused Assets / (307.2 KB). Loaded Objects now: 5757.
Memory consumption went from 211.2 MB to 210.9 MB.
Total: 14.865500 ms (FindLiveObjects: 1.059400 ms CreateObjectMapping: 1.303100 ms MarkObjects: 12.353600 ms  DeleteObjects: 0.146700 ms)

AssetImportParameters requested are different than current active one (requested -> active):
  custom:video-decoder-ogg-theora: a1e56fd34408186e4bbccfd4996cb3dc -> 
  custom:container-muxer-webm: aa71ff27fc2769a1b78a27578f13a17b -> 
  custom:container-demuxer-webm: 4f35f7cbe854078d1ac9338744f61a02 -> 
  custom:video-encoder-webm-vp8: eb34c28f22e8b96e1ab97ce403110664 -> 
  custom:CustomObjectIndexerAttribute: 6b0e35c9178b02a6363f3721b7b8e397 -> 
  custom:audio-encoder-webm-vorbis: bf7c407c2cedff20999df2af8eb42d56 -> 
  custom:framework-win-MediaFoundation: 216162199b28c13a410421893ffa2e32 -> 
  custom:SearchIndexIgnoredProperties: e643bd26f0fe6173181afceb89e7c659 -> 
  custom:container-demuxer-ogg: 62fdf1f143b41e24485cea50d1cbac27 -> 
  custom:video-decoder-webm-vp8: 9c59270c3fd7afecdb556c50c9e8de78 -> 
  custom:audio-decoder-ogg-vorbis: bf7c407c2cedff20999df2af8eb42d56 -> 
========================================================================
Received Prepare
Registering precompiled user dll's ...
Registered in 0.028418 seconds.
Begin MonoManager ReloadAssembly
Native extension for WindowsStandalone target not found
Native extension for WebGL target not found
Refreshing native plugins compatible for Editor in 8.60 ms, found 3 plugins.
Preloading 0 native plugins for Editor in 0.00 ms.
[Package Manager] Server::EnsureServerProcessIsRunning -- launch failed, reason: Unity was launched with the -noUpm command-line argument
[Package Manager] Cannot connect to Unity Package Manager local server
Mono: successfully reloaded assembly
- Completed reload, in 14.124 seconds
Domain Reload Profiling:
	ReloadAssembly (14128ms)
		BeginReloadAssembly (1324ms)
			ExecutionOrderSort (0ms)
			DisableScriptedObjects (16ms)
			BackupInstance (0ms)
			ReleaseScriptingObjects (0ms)
			CreateAndSetChildDomain (247ms)
		EndReloadAssembly (11994ms)
			LoadAssemblies (1010ms)
			RebuildTransferFunctionScriptingTraits (0ms)
			SetupTypeCache (2404ms)
			ReleaseScriptCaches (10ms)
			RebuildScriptCaches (321ms)
			SetupLoadedEditorAssemblies (7580ms)
				LogAssemblyErrors (0ms)
				InitializePlatformSupportModulesInManaged (48ms)
				SetLoadedEditorAssemblies (3ms)
				RefreshPlugins (9ms)
				BeforeProcessingInitializeOnLoad (734ms)
				ProcessInitializeOnLoadAttributes (5869ms)
				ProcessInitializeOnLoadMethodAttributes (786ms)
				AfterProcessingInitializeOnLoad (131ms)
				EditorAssembliesLoaded (1ms)
			ExecutionOrderSort2 (0ms)
			AwakeInstancesAfterBackupRestoration (75ms)
Platform modules already initialized, skipping
Refreshing native plugins compatible for Editor in 16.97 ms, found 3 plugins.
Preloading 0 native plugins for Editor in 0.00 ms.
Unloading 5100 Unused Serialized files (Serialized files now loaded: 0)
Unloading 27 unused Assets / (307.1 KB). Loaded Objects now: 5760.
Memory consumption went from 211.0 MB to 210.7 MB.
Total: 58.735400 ms (FindLiveObjects: 5.924300 ms CreateObjectMapping: 2.250500 ms MarkObjects: 50.401000 ms  DeleteObjects: 0.156800 ms)

AssetImportParameters requested are different than current active one (requested -> active):
  custom:video-decoder-ogg-theora: a1e56fd34408186e4bbccfd4996cb3dc -> 
  custom:container-muxer-webm: aa71ff27fc2769a1b78a27578f13a17b -> 
  custom:container-demuxer-webm: 4f35f7cbe854078d1ac9338744f61a02 -> 
  custom:video-encoder-webm-vp8: eb34c28f22e8b96e1ab97ce403110664 -> 
  custom:CustomObjectIndexerAttribute: 6b0e35c9178b02a6363f3721b7b8e397 -> 
  custom:audio-encoder-webm-vorbis: bf7c407c2cedff20999df2af8eb42d56 -> 
  custom:framework-win-MediaFoundation: 216162199b28c13a410421893ffa2e32 -> 
  custom:SearchIndexIgnoredProperties: e643bd26f0fe6173181afceb89e7c659 -> 
  custom:container-demuxer-ogg: 62fdf1f143b41e24485cea50d1cbac27 -> 
  custom:video-decoder-webm-vp8: 9c59270c3fd7afecdb556c50c9e8de78 -> 
  custom:audio-decoder-ogg-vorbis: bf7c407c2cedff20999df2af8eb42d56 -> 
========================================================================
Received Prepare
Registering precompiled user dll's ...
Registered in 0.025777 seconds.
Begin MonoManager ReloadAssembly
Native extension for WindowsStandalone target not found
Native extension for WebGL target not found
Refreshing native plugins compatible for Editor in 3.64 ms, found 3 plugins.
Preloading 0 native plugins for Editor in 0.00 ms.
[Package Manager] Server::EnsureServerProcessIsRunning -- launch failed, reason: Unity was launched with the -noUpm command-line argument
[Package Manager] Cannot connect to Unity Package Manager local server
Mono: successfully reloaded assembly
- Completed reload, in 10.867 seconds
Domain Reload Profiling:
	ReloadAssembly (10871ms)
		BeginReloadAssembly (1238ms)
			ExecutionOrderSort (0ms)
			DisableScriptedObjects (46ms)
			BackupInstance (0ms)
			ReleaseScriptingObjects (1ms)
			CreateAndSetChildDomain (216ms)
		EndReloadAssembly (8804ms)
			LoadAssemblies (1302ms)
			RebuildTransferFunctionScriptingTraits (0ms)
			SetupTypeCache (2876ms)
			ReleaseScriptCaches (11ms)
			RebuildScriptCaches (322ms)
			SetupLoadedEditorAssemblies (4119ms)
				LogAssemblyErrors (0ms)
				InitializePlatformSupportModulesInManaged (53ms)
				SetLoadedEditorAssemblies (2ms)
				RefreshPlugins (4ms)
				BeforeProcessingInitializeOnLoad (422ms)
				ProcessInitializeOnLoadAttributes (3064ms)
				ProcessInitializeOnLoadMethodAttributes (454ms)
				AfterProcessingInitializeOnLoad (115ms)
				EditorAssembliesLoaded (3ms)
			ExecutionOrderSort2 (0ms)
			AwakeInstancesAfterBackupRestoration (62ms)
Platform modules already initialized, skipping
Refreshing native plugins compatible for Editor in 2.99 ms, found 3 plugins.
Preloading 0 native plugins for Editor in 0.00 ms.
Unloading 5100 Unused Serialized files (Serialized files now loaded: 0)
Unloading 27 unused Assets / (308.2 KB). Loaded Objects now: 5763.
Memory consumption went from 211.2 MB to 210.9 MB.
Total: 10.655200 ms (FindLiveObjects: 0.724000 ms CreateObjectMapping: 0.877300 ms MarkObjects: 8.915500 ms  DeleteObjects: 0.136700 ms)

AssetImportParameters requested are different than current active one (requested -> active):
  custom:video-decoder-ogg-theora: a1e56fd34408186e4bbccfd4996cb3dc -> 
  custom:container-muxer-webm: aa71ff27fc2769a1b78a27578f13a17b -> 
  custom:container-demuxer-webm: 4f35f7cbe854078d1ac9338744f61a02 -> 
  custom:video-encoder-webm-vp8: eb34c28f22e8b96e1ab97ce403110664 -> 
  custom:CustomObjectIndexerAttribute: 6b0e35c9178b02a6363f3721b7b8e397 -> 
  custom:audio-encoder-webm-vorbis: bf7c407c2cedff20999df2af8eb42d56 -> 
  custom:framework-win-MediaFoundation: 216162199b28c13a410421893ffa2e32 -> 
  custom:SearchIndexIgnoredProperties: e643bd26f0fe6173181afceb89e7c659 -> 
  custom:container-demuxer-ogg: 62fdf1f143b41e24485cea50d1cbac27 -> 
  custom:video-decoder-webm-vp8: 9c59270c3fd7afecdb556c50c9e8de78 -> 
  custom:audio-decoder-ogg-vorbis: bf7c407c2cedff20999df2af8eb42d56 -> 
========================================================================
Received Prepare
Registering precompiled user dll's ...
Registered in 0.024037 seconds.
Begin MonoManager ReloadAssembly
Native extension for WindowsStandalone target not found
Native extension for WebGL target not found
Refreshing native plugins compatible for Editor in 15.43 ms, found 3 plugins.
Preloading 0 native plugins for Editor in 0.00 ms.
[Package Manager] Server::EnsureServerProcessIsRunning -- launch failed, reason: Unity was launched with the -noUpm command-line argument
[Package Manager] Cannot connect to Unity Package Manager local server
Mono: successfully reloaded assembly
- Completed reload, in  9.617 seconds
Domain Reload Profiling:
	ReloadAssembly (9620ms)
		BeginReloadAssembly (1076ms)
			ExecutionOrderSort (0ms)
			DisableScriptedObjects (15ms)
			BackupInstance (0ms)
			ReleaseScriptingObjects (0ms)
			CreateAndSetChildDomain (376ms)
		EndReloadAssembly (7718ms)
			LoadAssemblies (773ms)
			RebuildTransferFunctionScriptingTraits (0ms)
			SetupTypeCache (2299ms)
			ReleaseScriptCaches (14ms)
			RebuildScriptCaches (291ms)
			SetupLoadedEditorAssemblies (4318ms)
				LogAssemblyErrors (0ms)
				InitializePlatformSupportModulesInManaged (169ms)
				SetLoadedEditorAssemblies (84ms)
				RefreshPlugins (19ms)
				BeforeProcessingInitializeOnLoad (425ms)
				ProcessInitializeOnLoadAttributes (2864ms)
				ProcessInitializeOnLoadMethodAttributes (649ms)
				AfterProcessingInitializeOnLoad (108ms)
				EditorAssembliesLoaded (1ms)
			ExecutionOrderSort2 (0ms)
			AwakeInstancesAfterBackupRestoration (59ms)
Platform modules already initialized, skipping
Refreshing native plugins compatible for Editor in 19.22 ms, found 3 plugins.
Preloading 0 native plugins for Editor in 0.00 ms.
Unloading 5100 Unused Serialized files (Serialized files now loaded: 0)
Unloading 27 unused Assets / (307.2 KB). Loaded Objects now: 5766.
Memory consumption went from 211.2 MB to 210.9 MB.
Total: 16.896700 ms (FindLiveObjects: 1.039800 ms CreateObjectMapping: 2.587300 ms MarkObjects: 13.045000 ms  DeleteObjects: 0.222300 ms)

AssetImportParameters requested are different than current active one (requested -> active):
  custom:video-decoder-ogg-theora: a1e56fd34408186e4bbccfd4996cb3dc -> 
  custom:container-muxer-webm: aa71ff27fc2769a1b78a27578f13a17b -> 
  custom:container-demuxer-webm: 4f35f7cbe854078d1ac9338744f61a02 -> 
  custom:video-encoder-webm-vp8: eb34c28f22e8b96e1ab97ce403110664 -> 
  custom:CustomObjectIndexerAttribute: 6b0e35c9178b02a6363f3721b7b8e397 -> 
  custom:audio-encoder-webm-vorbis: bf7c407c2cedff20999df2af8eb42d56 -> 
  custom:framework-win-MediaFoundation: 216162199b28c13a410421893ffa2e32 -> 
  custom:SearchIndexIgnoredProperties: e643bd26f0fe6173181afceb89e7c659 -> 
  custom:container-demuxer-ogg: 62fdf1f143b41e24485cea50d1cbac27 -> 
  custom:video-decoder-webm-vp8: 9c59270c3fd7afecdb556c50c9e8de78 -> 
  custom:audio-decoder-ogg-vorbis: bf7c407c2cedff20999df2af8eb42d56 -> 
========================================================================
Received Prepare
Registering precompiled user dll's ...
Registered in 0.031915 seconds.
Begin MonoManager ReloadAssembly
Native extension for WindowsStandalone target not found
Native extension for WebGL target not found
Refreshing native plugins compatible for Editor in 1.69 ms, found 3 plugins.
Preloading 0 native plugins for Editor in 0.00 ms.
[Package Manager] Server::EnsureServerProcessIsRunning -- launch failed, reason: Unity was launched with the -noUpm command-line argument
[Package Manager] Cannot connect to Unity Package Manager local server
Mono: successfully reloaded assembly
- Completed reload, in  4.371 seconds
Domain Reload Profiling:
	ReloadAssembly (4374ms)
		BeginReloadAssembly (449ms)
			ExecutionOrderSort (0ms)
			DisableScriptedObjects (13ms)
			BackupInstance (0ms)
			ReleaseScriptingObjects (0ms)
			CreateAndSetChildDomain (93ms)
		EndReloadAssembly (3640ms)
			LoadAssemblies (356ms)
			RebuildTransferFunctionScriptingTraits (0ms)
			SetupTypeCache (1224ms)
			ReleaseScriptCaches (5ms)
			RebuildScriptCaches (138ms)
			SetupLoadedEditorAssemblies (1813ms)
				LogAssemblyErrors (0ms)
				InitializePlatformSupportModulesInManaged (28ms)
				SetLoadedEditorAssemblies (1ms)
				RefreshPlugins (2ms)
				BeforeProcessingInitializeOnLoad (232ms)
				ProcessInitializeOnLoadAttributes (1302ms)
				ProcessInitializeOnLoadMethodAttributes (200ms)
				AfterProcessingInitializeOnLoad (47ms)
				EditorAssembliesLoaded (0ms)
			ExecutionOrderSort2 (0ms)
			AwakeInstancesAfterBackupRestoration (30ms)
Platform modules already initialized, skipping
Refreshing native plugins compatible for Editor in 3.56 ms, found 3 plugins.
Preloading 0 native plugins for Editor in 0.00 ms.
Unloading 5100 Unused Serialized files (Serialized files now loaded: 0)
Unloading 27 unused Assets / (307.1 KB). Loaded Objects now: 5769.
Memory consumption went from 211.2 MB to 210.9 MB.
Total: 10.889200 ms (FindLiveObjects: 0.883800 ms CreateObjectMapping: 0.901400 ms MarkObjects: 8.918900 ms  DeleteObjects: 0.182700 ms)

AssetImportParameters requested are different than current active one (requested -> active):
  custom:video-decoder-ogg-theora: a1e56fd34408186e4bbccfd4996cb3dc -> 
  custom:container-muxer-webm: aa71ff27fc2769a1b78a27578f13a17b -> 
  custom:container-demuxer-webm: 4f35f7cbe854078d1ac9338744f61a02 -> 
  custom:video-encoder-webm-vp8: eb34c28f22e8b96e1ab97ce403110664 -> 
  custom:CustomObjectIndexerAttribute: 6b0e35c9178b02a6363f3721b7b8e397 -> 
  custom:audio-encoder-webm-vorbis: bf7c407c2cedff20999df2af8eb42d56 -> 
  custom:framework-win-MediaFoundation: 216162199b28c13a410421893ffa2e32 -> 
  custom:SearchIndexIgnoredProperties: e643bd26f0fe6173181afceb89e7c659 -> 
  custom:container-demuxer-ogg: 62fdf1f143b41e24485cea50d1cbac27 -> 
  custom:video-decoder-webm-vp8: 9c59270c3fd7afecdb556c50c9e8de78 -> 
  custom:audio-decoder-ogg-vorbis: bf7c407c2cedff20999df2af8eb42d56 -> 
========================================================================
Received Prepare
Registering precompiled user dll's ...
Registered in 0.028319 seconds.
Begin MonoManager ReloadAssembly
Native extension for WindowsStandalone target not found
Native extension for WebGL target not found
Refreshing native plugins compatible for Editor in 4.30 ms, found 3 plugins.
Preloading 0 native plugins for Editor in 0.00 ms.
[Package Manager] Server::EnsureServerProcessIsRunning -- launch failed, reason: Unity was launched with the -noUpm command-line argument
[Package Manager] Cannot connect to Unity Package Manager local server
Mono: successfully reloaded assembly
- Completed reload, in 10.171 seconds
Domain Reload Profiling:
	ReloadAssembly (10177ms)
		BeginReloadAssembly (1205ms)
			ExecutionOrderSort (0ms)
			DisableScriptedObjects (44ms)
			BackupInstance (0ms)
			ReleaseScriptingObjects (0ms)
			CreateAndSetChildDomain (184ms)
		EndReloadAssembly (8169ms)
			LoadAssemblies (1020ms)
			RebuildTransferFunctionScriptingTraits (0ms)
			SetupTypeCache (2435ms)
			ReleaseScriptCaches (6ms)
			RebuildScriptCaches (360ms)
			SetupLoadedEditorAssemblies (4529ms)
				LogAssemblyErrors (0ms)
				InitializePlatformSupportModulesInManaged (51ms)
				SetLoadedEditorAssemblies (2ms)
				RefreshPlugins (5ms)
				BeforeProcessingInitializeOnLoad (668ms)
				ProcessInitializeOnLoadAttributes (3063ms)
				ProcessInitializeOnLoadMethodAttributes (648ms)
				AfterProcessingInitializeOnLoad (92ms)
				EditorAssembliesLoaded (1ms)
			ExecutionOrderSort2 (0ms)
			AwakeInstancesAfterBackupRestoration (70ms)
Platform modules already initialized, skipping
Refreshing native plugins compatible for Editor in 6.34 ms, found 3 plugins.
Preloading 0 native plugins for Editor in 0.00 ms.
Unloading 5100 Unused Serialized files (Serialized files now loaded: 0)
Unloading 27 unused Assets / (307.1 KB). Loaded Objects now: 5772.
Memory consumption went from 211.2 MB to 210.9 MB.
Total: 32.708500 ms (FindLiveObjects: 1.852100 ms CreateObjectMapping: 11.100600 ms MarkObjects: 19.572900 ms  DeleteObjects: 0.176800 ms)

AssetImportParameters requested are different than current active one (requested -> active):
  custom:video-decoder-ogg-theora: a1e56fd34408186e4bbccfd4996cb3dc -> 
  custom:container-muxer-webm: aa71ff27fc2769a1b78a27578f13a17b -> 
  custom:container-demuxer-webm: 4f35f7cbe854078d1ac9338744f61a02 -> 
  custom:video-encoder-webm-vp8: eb34c28f22e8b96e1ab97ce403110664 -> 
  custom:CustomObjectIndexerAttribute: 6b0e35c9178b02a6363f3721b7b8e397 -> 
  custom:audio-encoder-webm-vorbis: bf7c407c2cedff20999df2af8eb42d56 -> 
  custom:framework-win-MediaFoundation: 216162199b28c13a410421893ffa2e32 -> 
  custom:SearchIndexIgnoredProperties: e643bd26f0fe6173181afceb89e7c659 -> 
  custom:container-demuxer-ogg: 62fdf1f143b41e24485cea50d1cbac27 -> 
  custom:video-decoder-webm-vp8: 9c59270c3fd7afecdb556c50c9e8de78 -> 
  custom:audio-decoder-ogg-vorbis: bf7c407c2cedff20999df2af8eb42d56 -> 
========================================================================
Received Prepare
Registering precompiled user dll's ...
Registered in 0.025214 seconds.
Begin MonoManager ReloadAssembly
Native extension for WindowsStandalone target not found
Native extension for WebGL target not found
Refreshing native plugins compatible for Editor in 2.07 ms, found 3 plugins.
Preloading 0 native plugins for Editor in 0.00 ms.
[Package Manager] Server::EnsureServerProcessIsRunning -- launch failed, reason: Unity was launched with the -noUpm command-line argument
[Package Manager] Cannot connect to Unity Package Manager local server
Mono: successfully reloaded assembly
- Completed reload, in  3.832 seconds
Domain Reload Profiling:
	ReloadAssembly (3834ms)
		BeginReloadAssembly (412ms)
			ExecutionOrderSort (0ms)
			DisableScriptedObjects (12ms)
			BackupInstance (0ms)
			ReleaseScriptingObjects (0ms)
			CreateAndSetChildDomain (77ms)
		EndReloadAssembly (3035ms)
			LoadAssemblies (323ms)
			RebuildTransferFunctionScriptingTraits (0ms)
			SetupTypeCache (837ms)
			ReleaseScriptCaches (6ms)
			RebuildScriptCaches (152ms)
			SetupLoadedEditorAssemblies (1693ms)
				LogAssemblyErrors (0ms)
				InitializePlatformSupportModulesInManaged (27ms)
				SetLoadedEditorAssemblies (1ms)
				RefreshPlugins (2ms)
				BeforeProcessingInitializeOnLoad (197ms)
				ProcessInitializeOnLoadAttributes (1241ms)
				ProcessInitializeOnLoadMethodAttributes (179ms)
				AfterProcessingInitializeOnLoad (46ms)
				EditorAssembliesLoaded (0ms)
			ExecutionOrderSort2 (0ms)
			AwakeInstancesAfterBackupRestoration (29ms)
Platform modules already initialized, skipping
Refreshing native plugins compatible for Editor in 4.35 ms, found 3 plugins.
Preloading 0 native plugins for Editor in 0.00 ms.
Unloading 5100 Unused Serialized files (Serialized files now loaded: 0)
Unloading 27 unused Assets / (307.1 KB). Loaded Objects now: 5775.
Memory consumption went from 211.1 MB to 210.8 MB.
Total: 9.849400 ms (FindLiveObjects: 0.744700 ms CreateObjectMapping: 0.864700 ms MarkObjects: 8.080600 ms  DeleteObjects: 0.157000 ms)

AssetImportParameters requested are different than current active one (requested -> active):
  custom:video-decoder-ogg-theora: a1e56fd34408186e4bbccfd4996cb3dc -> 
  custom:container-muxer-webm: aa71ff27fc2769a1b78a27578f13a17b -> 
  custom:container-demuxer-webm: 4f35f7cbe854078d1ac9338744f61a02 -> 
  custom:video-encoder-webm-vp8: eb34c28f22e8b96e1ab97ce403110664 -> 
  custom:CustomObjectIndexerAttribute: 6b0e35c9178b02a6363f3721b7b8e397 -> 
  custom:audio-encoder-webm-vorbis: bf7c407c2cedff20999df2af8eb42d56 -> 
  custom:framework-win-MediaFoundation: 216162199b28c13a410421893ffa2e32 -> 
  custom:SearchIndexIgnoredProperties: e643bd26f0fe6173181afceb89e7c659 -> 
  custom:container-demuxer-ogg: 62fdf1f143b41e24485cea50d1cbac27 -> 
  custom:video-decoder-webm-vp8: 9c59270c3fd7afecdb556c50c9e8de78 -> 
  custom:audio-decoder-ogg-vorbis: bf7c407c2cedff20999df2af8eb42d56 -> 
========================================================================
Received Prepare
Registering precompiled user dll's ...
Registered in 0.022224 seconds.
Begin MonoManager ReloadAssembly
Native extension for WindowsStandalone target not found
Native extension for WebGL target not found
Refreshing native plugins compatible for Editor in 3.02 ms, found 3 plugins.
Preloading 0 native plugins for Editor in 0.00 ms.
[Package Manager] Server::EnsureServerProcessIsRunning -- launch failed, reason: Unity was launched with the -noUpm command-line argument
[Package Manager] Cannot connect to Unity Package Manager local server
Mono: successfully reloaded assembly
- Completed reload, in  4.899 seconds
Domain Reload Profiling:
	ReloadAssembly (4900ms)
		BeginReloadAssembly (597ms)
			ExecutionOrderSort (0ms)
			DisableScriptedObjects (18ms)
			BackupInstance (0ms)
			ReleaseScriptingObjects (1ms)
			CreateAndSetChildDomain (159ms)
		EndReloadAssembly (3934ms)
			LoadAssemblies (455ms)
			RebuildTransferFunctionScriptingTraits (0ms)
			SetupTypeCache (1331ms)
			ReleaseScriptCaches (5ms)
			RebuildScriptCaches (199ms)
			SetupLoadedEditorAssemblies (1903ms)
				LogAssemblyErrors (0ms)
				InitializePlatformSupportModulesInManaged (49ms)
				SetLoadedEditorAssemblies (2ms)
				RefreshPlugins (3ms)
				BeforeProcessingInitializeOnLoad (326ms)
				ProcessInitializeOnLoadAttributes (1297ms)
				ProcessInitializeOnLoadMethodAttributes (178ms)
				AfterProcessingInitializeOnLoad (45ms)
				EditorAssembliesLoaded (0ms)
			ExecutionOrderSort2 (0ms)
			AwakeInstancesAfterBackupRestoration (32ms)
Platform modules already initialized, skipping
Refreshing native plugins compatible for Editor in 2.96 ms, found 3 plugins.
Preloading 0 native plugins for Editor in 0.00 ms.
Unloading 5100 Unused Serialized files (Serialized files now loaded: 0)
Unloading 27 unused Assets / (307.1 KB). Loaded Objects now: 5778.
Memory consumption went from 211.3 MB to 211.0 MB.
Total: 9.295900 ms (FindLiveObjects: 0.679500 ms CreateObjectMapping: 0.519300 ms MarkObjects: 7.975600 ms  DeleteObjects: 0.119700 ms)

AssetImportParameters requested are different than current active one (requested -> active):
  custom:video-decoder-ogg-theora: a1e56fd34408186e4bbccfd4996cb3dc -> 
  custom:container-muxer-webm: aa71ff27fc2769a1b78a27578f13a17b -> 
  custom:container-demuxer-webm: 4f35f7cbe854078d1ac9338744f61a02 -> 
  custom:video-encoder-webm-vp8: eb34c28f22e8b96e1ab97ce403110664 -> 
  custom:CustomObjectIndexerAttribute: 6b0e35c9178b02a6363f3721b7b8e397 -> 
  custom:audio-encoder-webm-vorbis: bf7c407c2cedff20999df2af8eb42d56 -> 
  custom:framework-win-MediaFoundation: 216162199b28c13a410421893ffa2e32 -> 
  custom:SearchIndexIgnoredProperties: e643bd26f0fe6173181afceb89e7c659 -> 
  custom:container-demuxer-ogg: 62fdf1f143b41e24485cea50d1cbac27 -> 
  custom:video-decoder-webm-vp8: 9c59270c3fd7afecdb556c50c9e8de78 -> 
  custom:audio-decoder-ogg-vorbis: bf7c407c2cedff20999df2af8eb42d56 -> 
========================================================================
Received Prepare
Registering precompiled user dll's ...
Registered in 0.019700 seconds.
Begin MonoManager ReloadAssembly
Native extension for WindowsStandalone target not found
Native extension for WebGL target not found
Refreshing native plugins compatible for Editor in 1.71 ms, found 3 plugins.
Preloading 0 native plugins for Editor in 0.00 ms.
[Package Manager] Server::EnsureServerProcessIsRunning -- launch failed, reason: Unity was launched with the -noUpm command-line argument
[Package Manager] Cannot connect to Unity Package Manager local server
Mono: successfully reloaded assembly
- Completed reload, in  8.761 seconds
Domain Reload Profiling:
	ReloadAssembly (8763ms)
		BeginReloadAssembly (1554ms)
			ExecutionOrderSort (0ms)
			DisableScriptedObjects (24ms)
			BackupInstance (0ms)
			ReleaseScriptingObjects (0ms)
			CreateAndSetChildDomain (172ms)
		EndReloadAssembly (6176ms)
			LoadAssemblies (1452ms)
			RebuildTransferFunctionScriptingTraits (0ms)
			SetupTypeCache (2796ms)
			ReleaseScriptCaches (9ms)
			RebuildScriptCaches (295ms)
			SetupLoadedEditorAssemblies (2478ms)
				LogAssemblyErrors (0ms)
				InitializePlatformSupportModulesInManaged (29ms)
				SetLoadedEditorAssemblies (1ms)
				RefreshPlugins (2ms)
				BeforeProcessingInitializeOnLoad (245ms)
				ProcessInitializeOnLoadAttributes (1904ms)
				ProcessInitializeOnLoadMethodAttributes (250ms)
				AfterProcessingInitializeOnLoad (47ms)
				EditorAssembliesLoaded (0ms)
			ExecutionOrderSort2 (0ms)
			AwakeInstancesAfterBackupRestoration (30ms)
Platform modules already initialized, skipping
Refreshing native plugins compatible for Editor in 401.52 ms, found 3 plugins.
Preloading 0 native plugins for Editor in 0.00 ms.
Unloading 5100 Unused Serialized files (Serialized files now loaded: 0)
Unloading 27 unused Assets / (307.2 KB). Loaded Objects now: 5781.
Memory consumption went from 211.3 MB to 211.0 MB.
Total: 18.131900 ms (FindLiveObjects: 1.405700 ms CreateObjectMapping: 1.188900 ms MarkObjects: 15.374300 ms  DeleteObjects: 0.159100 ms)

AssetImportParameters requested are different than current active one (requested -> active):
  custom:video-decoder-ogg-theora: a1e56fd34408186e4bbccfd4996cb3dc -> 
  custom:container-muxer-webm: aa71ff27fc2769a1b78a27578f13a17b -> 
  custom:container-demuxer-webm: 4f35f7cbe854078d1ac9338744f61a02 -> 
  custom:video-encoder-webm-vp8: eb34c28f22e8b96e1ab97ce403110664 -> 
  custom:CustomObjectIndexerAttribute: 6b0e35c9178b02a6363f3721b7b8e397 -> 
  custom:audio-encoder-webm-vorbis: bf7c407c2cedff20999df2af8eb42d56 -> 
  custom:framework-win-MediaFoundation: 216162199b28c13a410421893ffa2e32 -> 
  custom:SearchIndexIgnoredProperties: e643bd26f0fe6173181afceb89e7c659 -> 
  custom:container-demuxer-ogg: 62fdf1f143b41e24485cea50d1cbac27 -> 
  custom:video-decoder-webm-vp8: 9c59270c3fd7afecdb556c50c9e8de78 -> 
  custom:audio-decoder-ogg-vorbis: bf7c407c2cedff20999df2af8eb42d56 -> 
========================================================================
Received Prepare
Registering precompiled user dll's ...
Registered in 0.037483 seconds.
Begin MonoManager ReloadAssembly
Native extension for WindowsStandalone target not found
Native extension for WebGL target not found
Refreshing native plugins compatible for Editor in 9.18 ms, found 3 plugins.
Preloading 0 native plugins for Editor in 0.00 ms.
[Package Manager] Server::EnsureServerProcessIsRunning -- launch failed, reason: Unity was launched with the -noUpm command-line argument
[Package Manager] Cannot connect to Unity Package Manager local server
Mono: successfully reloaded assembly
- Completed reload, in 17.064 seconds
Domain Reload Profiling:
	ReloadAssembly (17067ms)
		BeginReloadAssembly (983ms)
			ExecutionOrderSort (0ms)
			DisableScriptedObjects (24ms)
			BackupInstance (0ms)
			ReleaseScriptingObjects (0ms)
			CreateAndSetChildDomain (259ms)
		EndReloadAssembly (14773ms)
			LoadAssemblies (1104ms)
			RebuildTransferFunctionScriptingTraits (0ms)
			SetupTypeCache (3885ms)
			ReleaseScriptCaches (18ms)
			RebuildScriptCaches (974ms)
			SetupLoadedEditorAssemblies (8186ms)
				LogAssemblyErrors (0ms)
				InitializePlatformSupportModulesInManaged (71ms)
				SetLoadedEditorAssemblies (2ms)
				RefreshPlugins (10ms)
				BeforeProcessingInitializeOnLoad (959ms)
				ProcessInitializeOnLoadAttributes (4962ms)
				ProcessInitializeOnLoadMethodAttributes (1719ms)
				AfterProcessingInitializeOnLoad (462ms)
				EditorAssembliesLoaded (1ms)
			ExecutionOrderSort2 (0ms)
			AwakeInstancesAfterBackupRestoration (181ms)
Platform modules already initialized, skipping
Refreshing native plugins compatible for Editor in 6.34 ms, found 3 plugins.
Preloading 0 native plugins for Editor in 0.00 ms.
Unloading 5100 Unused Serialized files (Serialized files now loaded: 0)
Unloading 27 unused Assets / (307.2 KB). Loaded Objects now: 5784.
Memory consumption went from 211.3 MB to 211.0 MB.
Total: 27.779200 ms (FindLiveObjects: 3.789300 ms CreateObjectMapping: 7.220200 ms MarkObjects: 16.558200 ms  DeleteObjects: 0.208700 ms)

AssetImportParameters requested are different than current active one (requested -> active):
  custom:video-decoder-ogg-theora: a1e56fd34408186e4bbccfd4996cb3dc -> 
  custom:container-muxer-webm: aa71ff27fc2769a1b78a27578f13a17b -> 
  custom:container-demuxer-webm: 4f35f7cbe854078d1ac9338744f61a02 -> 
  custom:video-encoder-webm-vp8: eb34c28f22e8b96e1ab97ce403110664 -> 
  custom:CustomObjectIndexerAttribute: 6b0e35c9178b02a6363f3721b7b8e397 -> 
  custom:audio-encoder-webm-vorbis: bf7c407c2cedff20999df2af8eb42d56 -> 
  custom:framework-win-MediaFoundation: 216162199b28c13a410421893ffa2e32 -> 
  custom:SearchIndexIgnoredProperties: e643bd26f0fe6173181afceb89e7c659 -> 
  custom:container-demuxer-ogg: 62fdf1f143b41e24485cea50d1cbac27 -> 
  custom:video-decoder-webm-vp8: 9c59270c3fd7afecdb556c50c9e8de78 -> 
  custom:audio-decoder-ogg-vorbis: bf7c407c2cedff20999df2af8eb42d56 -> 
========================================================================
Received Prepare
Registering precompiled user dll's ...
Registered in 0.022697 seconds.
Begin MonoManager ReloadAssembly
Native extension for WindowsStandalone target not found
Native extension for WebGL target not found
Refreshing native plugins compatible for Editor in 1.94 ms, found 3 plugins.
Preloading 0 native plugins for Editor in 0.00 ms.
[Package Manager] Server::EnsureServerProcessIsRunning -- launch failed, reason: Unity was launched with the -noUpm command-line argument
[Package Manager] Cannot connect to Unity Package Manager local server
Mono: successfully reloaded assembly
- Completed reload, in  6.592 seconds
Domain Reload Profiling:
	ReloadAssembly (6593ms)
		BeginReloadAssembly (680ms)
			ExecutionOrderSort (0ms)
			DisableScriptedObjects (15ms)
			BackupInstance (0ms)
			ReleaseScriptingObjects (0ms)
			CreateAndSetChildDomain (106ms)
		EndReloadAssembly (5570ms)
			LoadAssemblies (633ms)
			RebuildTransferFunctionScriptingTraits (0ms)
			SetupTypeCache (2022ms)
			ReleaseScriptCaches (5ms)
			RebuildScriptCaches (194ms)
			SetupLoadedEditorAssemblies (2692ms)
				LogAssemblyErrors (0ms)
				InitializePlatformSupportModulesInManaged (26ms)
				SetLoadedEditorAssemblies (1ms)
				RefreshPlugins (2ms)
				BeforeProcessingInitializeOnLoad (432ms)
				ProcessInitializeOnLoadAttributes (1822ms)
				ProcessInitializeOnLoadMethodAttributes (279ms)
				AfterProcessingInitializeOnLoad (129ms)
				EditorAssembliesLoaded (1ms)
			ExecutionOrderSort2 (0ms)
			AwakeInstancesAfterBackupRestoration (140ms)
Platform modules already initialized, skipping
Refreshing native plugins compatible for Editor in 3.96 ms, found 3 plugins.
Preloading 0 native plugins for Editor in 0.00 ms.
Unloading 5100 Unused Serialized files (Serialized files now loaded: 0)
Unloading 27 unused Assets / (307.1 KB). Loaded Objects now: 5787.
Memory consumption went from 211.3 MB to 211.0 MB.
Total: 18.284900 ms (FindLiveObjects: 1.119700 ms CreateObjectMapping: 1.631600 ms MarkObjects: 15.368600 ms  DeleteObjects: 0.162600 ms)

AssetImportParameters requested are different than current active one (requested -> active):
  custom:video-decoder-ogg-theora: a1e56fd34408186e4bbccfd4996cb3dc -> 
  custom:container-muxer-webm: aa71ff27fc2769a1b78a27578f13a17b -> 
  custom:container-demuxer-webm: 4f35f7cbe854078d1ac9338744f61a02 -> 
  custom:video-encoder-webm-vp8: eb34c28f22e8b96e1ab97ce403110664 -> 
  custom:CustomObjectIndexerAttribute: 6b0e35c9178b02a6363f3721b7b8e397 -> 
  custom:audio-encoder-webm-vorbis: bf7c407c2cedff20999df2af8eb42d56 -> 
  custom:framework-win-MediaFoundation: 216162199b28c13a410421893ffa2e32 -> 
  custom:SearchIndexIgnoredProperties: e643bd26f0fe6173181afceb89e7c659 -> 
  custom:container-demuxer-ogg: 62fdf1f143b41e24485cea50d1cbac27 -> 
  custom:video-decoder-webm-vp8: 9c59270c3fd7afecdb556c50c9e8de78 -> 
  custom:audio-decoder-ogg-vorbis: bf7c407c2cedff20999df2af8eb42d56 -> 
========================================================================
Received Prepare
Registering precompiled user dll's ...
Registered in 0.025077 seconds.
Begin MonoManager ReloadAssembly
Native extension for WindowsStandalone target not found
Native extension for WebGL target not found
Refreshing native plugins compatible for Editor in 2.30 ms, found 3 plugins.
Preloading 0 native plugins for Editor in 0.00 ms.
[Package Manager] Server::EnsureServerProcessIsRunning -- launch failed, reason: Unity was launched with the -noUpm command-line argument
[Package Manager] Cannot connect to Unity Package Manager local server
Mono: successfully reloaded assembly
- Completed reload, in  5.768 seconds
Domain Reload Profiling:
	ReloadAssembly (5770ms)
		BeginReloadAssembly (505ms)
			ExecutionOrderSort (0ms)
			DisableScriptedObjects (18ms)
			BackupInstance (0ms)
			ReleaseScriptingObjects (0ms)
			CreateAndSetChildDomain (96ms)
		EndReloadAssembly (4955ms)
			LoadAssemblies (357ms)
			RebuildTransferFunctionScriptingTraits (0ms)
			SetupTypeCache (1502ms)
			ReleaseScriptCaches (5ms)
			RebuildScriptCaches (485ms)
			SetupLoadedEditorAssemblies (2520ms)
				LogAssemblyErrors (0ms)
				InitializePlatformSupportModulesInManaged (28ms)
				SetLoadedEditorAssemblies (1ms)
				RefreshPlugins (2ms)
				BeforeProcessingInitializeOnLoad (212ms)
				ProcessInitializeOnLoadAttributes (1873ms)
				ProcessInitializeOnLoadMethodAttributes (337ms)
				AfterProcessingInitializeOnLoad (66ms)
				EditorAssembliesLoaded (1ms)
			ExecutionOrderSort2 (0ms)
			AwakeInstancesAfterBackupRestoration (39ms)
Platform modules already initialized, skipping
Refreshing native plugins compatible for Editor in 34.42 ms, found 3 plugins.
Preloading 0 native plugins for Editor in 0.00 ms.
Unloading 5100 Unused Serialized files (Serialized files now loaded: 0)
Unloading 27 unused Assets / (307.2 KB). Loaded Objects now: 5790.
Memory consumption went from 211.1 MB to 210.8 MB.
Total: 9.870700 ms (FindLiveObjects: 1.277000 ms CreateObjectMapping: 0.990700 ms MarkObjects: 7.481500 ms  DeleteObjects: 0.119200 ms)

AssetImportParameters requested are different than current active one (requested -> active):
  custom:video-decoder-ogg-theora: a1e56fd34408186e4bbccfd4996cb3dc -> 
  custom:container-muxer-webm: aa71ff27fc2769a1b78a27578f13a17b -> 
  custom:container-demuxer-webm: 4f35f7cbe854078d1ac9338744f61a02 -> 
  custom:video-encoder-webm-vp8: eb34c28f22e8b96e1ab97ce403110664 -> 
  custom:CustomObjectIndexerAttribute: 6b0e35c9178b02a6363f3721b7b8e397 -> 
  custom:audio-encoder-webm-vorbis: bf7c407c2cedff20999df2af8eb42d56 -> 
  custom:framework-win-MediaFoundation: 216162199b28c13a410421893ffa2e32 -> 
  custom:SearchIndexIgnoredProperties: e643bd26f0fe6173181afceb89e7c659 -> 
  custom:container-demuxer-ogg: 62fdf1f143b41e24485cea50d1cbac27 -> 
  custom:video-decoder-webm-vp8: 9c59270c3fd7afecdb556c50c9e8de78 -> 
  custom:audio-decoder-ogg-vorbis: bf7c407c2cedff20999df2af8eb42d56 -> 
========================================================================
Received Prepare
Registering precompiled user dll's ...
Registered in 0.023034 seconds.
Begin MonoManager ReloadAssembly
Native extension for WindowsStandalone target not found
Native extension for WebGL target not found
Refreshing native plugins compatible for Editor in 1.54 ms, found 3 plugins.
Preloading 0 native plugins for Editor in 0.00 ms.
[Package Manager] Server::EnsureServerProcessIsRunning -- launch failed, reason: Unity was launched with the -noUpm command-line argument
[Package Manager] Cannot connect to Unity Package Manager local server
Mono: successfully reloaded assembly
- Completed reload, in  3.906 seconds
Domain Reload Profiling:
	ReloadAssembly (3908ms)
		BeginReloadAssembly (437ms)
			ExecutionOrderSort (0ms)
			DisableScriptedObjects (12ms)
			BackupInstance (0ms)
			ReleaseScriptingObjects (0ms)
			CreateAndSetChildDomain (82ms)
		EndReloadAssembly (3175ms)
			LoadAssemblies (340ms)
			RebuildTransferFunctionScriptingTraits (0ms)
			SetupTypeCache (896ms)
			ReleaseScriptCaches (3ms)
			RebuildScriptCaches (119ms)
			SetupLoadedEditorAssemblies (1810ms)
				LogAssemblyErrors (0ms)
				InitializePlatformSupportModulesInManaged (26ms)
				SetLoadedEditorAssemblies (1ms)
				RefreshPlugins (2ms)
				BeforeProcessingInitializeOnLoad (256ms)
				ProcessInitializeOnLoadAttributes (1293ms)
				ProcessInitializeOnLoadMethodAttributes (186ms)
				AfterProcessingInitializeOnLoad (45ms)
				EditorAssembliesLoaded (0ms)
			ExecutionOrderSort2 (0ms)
			AwakeInstancesAfterBackupRestoration (27ms)
Platform modules already initialized, skipping
Refreshing native plugins compatible for Editor in 2.45 ms, found 3 plugins.
Preloading 0 native plugins for Editor in 0.00 ms.
Unloading 5100 Unused Serialized files (Serialized files now loaded: 0)
Unloading 27 unused Assets / (307.1 KB). Loaded Objects now: 5793.
Memory consumption went from 211.3 MB to 211.0 MB.
Total: 8.769900 ms (FindLiveObjects: 0.743000 ms CreateObjectMapping: 0.874500 ms MarkObjects: 7.035600 ms  DeleteObjects: 0.114700 ms)

AssetImportParameters requested are different than current active one (requested -> active):
  custom:video-decoder-ogg-theora: a1e56fd34408186e4bbccfd4996cb3dc -> 
  custom:container-muxer-webm: aa71ff27fc2769a1b78a27578f13a17b -> 
  custom:container-demuxer-webm: 4f35f7cbe854078d1ac9338744f61a02 -> 
  custom:video-encoder-webm-vp8: eb34c28f22e8b96e1ab97ce403110664 -> 
  custom:CustomObjectIndexerAttribute: 6b0e35c9178b02a6363f3721b7b8e397 -> 
  custom:audio-encoder-webm-vorbis: bf7c407c2cedff20999df2af8eb42d56 -> 
  custom:framework-win-MediaFoundation: 216162199b28c13a410421893ffa2e32 -> 
  custom:SearchIndexIgnoredProperties: e643bd26f0fe6173181afceb89e7c659 -> 
  custom:container-demuxer-ogg: 62fdf1f143b41e24485cea50d1cbac27 -> 
  custom:video-decoder-webm-vp8: 9c59270c3fd7afecdb556c50c9e8de78 -> 
  custom:audio-decoder-ogg-vorbis: bf7c407c2cedff20999df2af8eb42d56 -> 
========================================================================
Received Prepare
Registering precompiled user dll's ...
Registered in 0.023090 seconds.
Begin MonoManager ReloadAssembly
Native extension for WindowsStandalone target not found
Native extension for WebGL target not found
Refreshing native plugins compatible for Editor in 3.07 ms, found 3 plugins.
Preloading 0 native plugins for Editor in 0.00 ms.
[Package Manager] Server::EnsureServerProcessIsRunning -- launch failed, reason: Unity was launched with the -noUpm command-line argument
[Package Manager] Cannot connect to Unity Package Manager local server
Mono: successfully reloaded assembly
- Completed reload, in 12.651 seconds
Domain Reload Profiling:
	ReloadAssembly (12656ms)
		BeginReloadAssembly (618ms)
			ExecutionOrderSort (0ms)
			DisableScriptedObjects (16ms)
			BackupInstance (0ms)
			ReleaseScriptingObjects (0ms)
			CreateAndSetChildDomain (94ms)
		EndReloadAssembly (11282ms)
			LoadAssemblies (500ms)
			RebuildTransferFunctionScriptingTraits (0ms)
			SetupTypeCache (2607ms)
			ReleaseScriptCaches (10ms)
			RebuildScriptCaches (435ms)
			SetupLoadedEditorAssemblies (6876ms)
				LogAssemblyErrors (0ms)
				InitializePlatformSupportModulesInManaged (56ms)
				SetLoadedEditorAssemblies (3ms)
				RefreshPlugins (3ms)
				BeforeProcessingInitializeOnLoad (453ms)
				ProcessInitializeOnLoadAttributes (5118ms)
				ProcessInitializeOnLoadMethodAttributes (1100ms)
				AfterProcessingInitializeOnLoad (142ms)
				EditorAssembliesLoaded (1ms)
			ExecutionOrderSort2 (0ms)
			AwakeInstancesAfterBackupRestoration (102ms)
Platform modules already initialized, skipping
Refreshing native plugins compatible for Editor in 9.04 ms, found 3 plugins.
Preloading 0 native plugins for Editor in 0.00 ms.
Unloading 5100 Unused Serialized files (Serialized files now loaded: 0)
Unloading 27 unused Assets / (307.1 KB). Loaded Objects now: 5796.
Memory consumption went from 211.3 MB to 211.0 MB.
Total: 14.497400 ms (FindLiveObjects: 0.834800 ms CreateObjectMapping: 0.664200 ms MarkObjects: 12.871400 ms  DeleteObjects: 0.124700 ms)

AssetImportParameters requested are different than current active one (requested -> active):
  custom:video-decoder-ogg-theora: a1e56fd34408186e4bbccfd4996cb3dc -> 
  custom:container-muxer-webm: aa71ff27fc2769a1b78a27578f13a17b -> 
  custom:container-demuxer-webm: 4f35f7cbe854078d1ac9338744f61a02 -> 
  custom:video-encoder-webm-vp8: eb34c28f22e8b96e1ab97ce403110664 -> 
  custom:CustomObjectIndexerAttribute: 6b0e35c9178b02a6363f3721b7b8e397 -> 
  custom:audio-encoder-webm-vorbis: bf7c407c2cedff20999df2af8eb42d56 -> 
  custom:framework-win-MediaFoundation: 216162199b28c13a410421893ffa2e32 -> 
  custom:SearchIndexIgnoredProperties: e643bd26f0fe6173181afceb89e7c659 -> 
  custom:container-demuxer-ogg: 62fdf1f143b41e24485cea50d1cbac27 -> 
  custom:video-decoder-webm-vp8: 9c59270c3fd7afecdb556c50c9e8de78 -> 
  custom:audio-decoder-ogg-vorbis: bf7c407c2cedff20999df2af8eb42d56 -> 
========================================================================
Received Prepare
Registering precompiled user dll's ...
Registered in 0.026594 seconds.
Begin MonoManager ReloadAssembly
Native extension for WindowsStandalone target not found
Native extension for WebGL target not found
Refreshing native plugins compatible for Editor in 4.86 ms, found 3 plugins.
Preloading 0 native plugins for Editor in 0.00 ms.
[Package Manager] Server::EnsureServerProcessIsRunning -- launch failed, reason: Unity was launched with the -noUpm command-line argument
[Package Manager] Cannot connect to Unity Package Manager local server
Mono: successfully reloaded assembly
- Completed reload, in 11.147 seconds
Domain Reload Profiling:
	ReloadAssembly (11151ms)
		BeginReloadAssembly (1407ms)
			ExecutionOrderSort (0ms)
			DisableScriptedObjects (50ms)
			BackupInstance (0ms)
			ReleaseScriptingObjects (0ms)
			CreateAndSetChildDomain (439ms)
		EndReloadAssembly (9155ms)
			LoadAssemblies (834ms)
			RebuildTransferFunctionScriptingTraits (0ms)
			SetupTypeCache (2925ms)
			ReleaseScriptCaches (12ms)
			RebuildScriptCaches (790ms)
			SetupLoadedEditorAssemblies (4676ms)
				LogAssemblyErrors (0ms)
				InitializePlatformSupportModulesInManaged (57ms)
				SetLoadedEditorAssemblies (4ms)
				RefreshPlugins (5ms)
				BeforeProcessingInitializeOnLoad (667ms)
				ProcessInitializeOnLoadAttributes (3092ms)
				ProcessInitializeOnLoadMethodAttributes (755ms)
				AfterProcessingInitializeOnLoad (94ms)
				EditorAssembliesLoaded (1ms)
			ExecutionOrderSort2 (0ms)
			AwakeInstancesAfterBackupRestoration (66ms)
Platform modules already initialized, skipping
Refreshing native plugins compatible for Editor in 35.63 ms, found 3 plugins.
Preloading 0 native plugins for Editor in 0.00 ms.
Unloading 5100 Unused Serialized files (Serialized files now loaded: 0)
Unloading 27 unused Assets / (307.1 KB). Loaded Objects now: 5799.
Memory consumption went from 211.3 MB to 211.0 MB.
Total: 16.352900 ms (FindLiveObjects: 3.503900 ms CreateObjectMapping: 1.141700 ms MarkObjects: 11.541400 ms  DeleteObjects: 0.161800 ms)

AssetImportParameters requested are different than current active one (requested -> active):
  custom:video-decoder-ogg-theora: a1e56fd34408186e4bbccfd4996cb3dc -> 
  custom:container-muxer-webm: aa71ff27fc2769a1b78a27578f13a17b -> 
  custom:container-demuxer-webm: 4f35f7cbe854078d1ac9338744f61a02 -> 
  custom:video-encoder-webm-vp8: eb34c28f22e8b96e1ab97ce403110664 -> 
  custom:CustomObjectIndexerAttribute: 6b0e35c9178b02a6363f3721b7b8e397 -> 
  custom:audio-encoder-webm-vorbis: bf7c407c2cedff20999df2af8eb42d56 -> 
  custom:framework-win-MediaFoundation: 216162199b28c13a410421893ffa2e32 -> 
  custom:SearchIndexIgnoredProperties: e643bd26f0fe6173181afceb89e7c659 -> 
  custom:container-demuxer-ogg: 62fdf1f143b41e24485cea50d1cbac27 -> 
  custom:video-decoder-webm-vp8: 9c59270c3fd7afecdb556c50c9e8de78 -> 
  custom:audio-decoder-ogg-vorbis: bf7c407c2cedff20999df2af8eb42d56 -> 
========================================================================
Received Prepare
Registering precompiled user dll's ...
Registered in 0.034379 seconds.
Begin MonoManager ReloadAssembly
Native extension for WindowsStandalone target not found
Native extension for WebGL target not found
Refreshing native plugins compatible for Editor in 1.64 ms, found 3 plugins.
Preloading 0 native plugins for Editor in 0.00 ms.
[Package Manager] Server::EnsureServerProcessIsRunning -- launch failed, reason: Unity was launched with the -noUpm command-line argument
[Package Manager] Cannot connect to Unity Package Manager local server
Mono: successfully reloaded assembly
- Completed reload, in  4.508 seconds
Domain Reload Profiling:
	ReloadAssembly (4510ms)
		BeginReloadAssembly (427ms)
			ExecutionOrderSort (0ms)
			DisableScriptedObjects (13ms)
			BackupInstance (0ms)
			ReleaseScriptingObjects (0ms)
			CreateAndSetChildDomain (80ms)
		EndReloadAssembly (3786ms)
			LoadAssemblies (331ms)
			RebuildTransferFunctionScriptingTraits (0ms)
			SetupTypeCache (940ms)
			ReleaseScriptCaches (4ms)
			RebuildScriptCaches (153ms)
			SetupLoadedEditorAssemblies (2251ms)
				LogAssemblyErrors (0ms)
				InitializePlatformSupportModulesInManaged (25ms)
				SetLoadedEditorAssemblies (1ms)
				RefreshPlugins (2ms)
				BeforeProcessingInitializeOnLoad (205ms)
				ProcessInitializeOnLoadAttributes (1716ms)
				ProcessInitializeOnLoadMethodAttributes (249ms)
				AfterProcessingInitializeOnLoad (51ms)
				EditorAssembliesLoaded (1ms)
			ExecutionOrderSort2 (0ms)
			AwakeInstancesAfterBackupRestoration (30ms)
Platform modules already initialized, skipping
Refreshing native plugins compatible for Editor in 2.69 ms, found 3 plugins.
Preloading 0 native plugins for Editor in 0.00 ms.
Unloading 5100 Unused Serialized files (Serialized files now loaded: 0)
Unloading 27 unused Assets / (307.2 KB). Loaded Objects now: 5802.
Memory consumption went from 211.4 MB to 211.1 MB.
Total: 11.066600 ms (FindLiveObjects: 1.130900 ms CreateObjectMapping: 1.043800 ms MarkObjects: 8.729200 ms  DeleteObjects: 0.160100 ms)

AssetImportParameters requested are different than current active one (requested -> active):
  custom:video-decoder-ogg-theora: a1e56fd34408186e4bbccfd4996cb3dc -> 
  custom:container-muxer-webm: aa71ff27fc2769a1b78a27578f13a17b -> 
  custom:container-demuxer-webm: 4f35f7cbe854078d1ac9338744f61a02 -> 
  custom:video-encoder-webm-vp8: eb34c28f22e8b96e1ab97ce403110664 -> 
  custom:CustomObjectIndexerAttribute: 6b0e35c9178b02a6363f3721b7b8e397 -> 
  custom:audio-encoder-webm-vorbis: bf7c407c2cedff20999df2af8eb42d56 -> 
  custom:framework-win-MediaFoundation: 216162199b28c13a410421893ffa2e32 -> 
  custom:SearchIndexIgnoredProperties: e643bd26f0fe6173181afceb89e7c659 -> 
  custom:container-demuxer-ogg: 62fdf1f143b41e24485cea50d1cbac27 -> 
  custom:video-decoder-webm-vp8: 9c59270c3fd7afecdb556c50c9e8de78 -> 
  custom:audio-decoder-ogg-vorbis: bf7c407c2cedff20999df2af8eb42d56 -> 
========================================================================
Received Prepare
Registering precompiled user dll's ...
Registered in 0.031240 seconds.
Begin MonoManager ReloadAssembly
Native extension for WindowsStandalone target not found
Native extension for WebGL target not found
Refreshing native plugins compatible for Editor in 2.43 ms, found 3 plugins.
Preloading 0 native plugins for Editor in 0.00 ms.
[Package Manager] Server::EnsureServerProcessIsRunning -- launch failed, reason: Unity was launched with the -noUpm command-line argument
[Package Manager] Cannot connect to Unity Package Manager local server
Mono: successfully reloaded assembly
- Completed reload, in 24.400 seconds
Domain Reload Profiling:
	ReloadAssembly (24403ms)
		BeginReloadAssembly (8572ms)
			ExecutionOrderSort (0ms)
			DisableScriptedObjects (38ms)
			BackupInstance (0ms)
			ReleaseScriptingObjects (1ms)
			CreateAndSetChildDomain (1358ms)
		EndReloadAssembly (13267ms)
			LoadAssemblies (7657ms)
			RebuildTransferFunctionScriptingTraits (0ms)
			SetupTypeCache (4424ms)
			ReleaseScriptCaches (285ms)
			RebuildScriptCaches (884ms)
			SetupLoadedEditorAssemblies (5615ms)
				LogAssemblyErrors (0ms)
				InitializePlatformSupportModulesInManaged (72ms)
				SetLoadedEditorAssemblies (8ms)
				RefreshPlugins (3ms)
				BeforeProcessingInitializeOnLoad (478ms)
				ProcessInitializeOnLoadAttributes (4469ms)
				ProcessInitializeOnLoadMethodAttributes (482ms)
				AfterProcessingInitializeOnLoad (104ms)
				EditorAssembliesLoaded (1ms)
			ExecutionOrderSort2 (0ms)
			AwakeInstancesAfterBackupRestoration (246ms)
Platform modules already initialized, skipping
Refreshing native plugins compatible for Editor in 5.26 ms, found 3 plugins.
Preloading 0 native plugins for Editor in 0.00 ms.
Unloading 5100 Unused Serialized files (Serialized files now loaded: 0)
Unloading 27 unused Assets / (307.2 KB). Loaded Objects now: 5805.
Memory consumption went from 211.2 MB to 210.9 MB.
Total: 1056.637500 ms (FindLiveObjects: 33.709800 ms CreateObjectMapping: 32.346200 ms MarkObjects: 990.068200 ms  DeleteObjects: 0.510500 ms)

AssetImportParameters requested are different than current active one (requested -> active):
  custom:video-decoder-ogg-theora: a1e56fd34408186e4bbccfd4996cb3dc -> 
  custom:container-muxer-webm: aa71ff27fc2769a1b78a27578f13a17b -> 
  custom:container-demuxer-webm: 4f35f7cbe854078d1ac9338744f61a02 -> 
  custom:video-encoder-webm-vp8: eb34c28f22e8b96e1ab97ce403110664 -> 
  custom:CustomObjectIndexerAttribute: 6b0e35c9178b02a6363f3721b7b8e397 -> 
  custom:audio-encoder-webm-vorbis: bf7c407c2cedff20999df2af8eb42d56 -> 
  custom:framework-win-MediaFoundation: 216162199b28c13a410421893ffa2e32 -> 
  custom:SearchIndexIgnoredProperties: e643bd26f0fe6173181afceb89e7c659 -> 
  custom:container-demuxer-ogg: 62fdf1f143b41e24485cea50d1cbac27 -> 
  custom:video-decoder-webm-vp8: 9c59270c3fd7afecdb556c50c9e8de78 -> 
  custom:audio-decoder-ogg-vorbis: bf7c407c2cedff20999df2af8eb42d56 -> 
========================================================================
Received Prepare
Registering precompiled user dll's ...
Registered in 0.021564 seconds.
Begin MonoManager ReloadAssembly
Native extension for WindowsStandalone target not found
Native extension for WebGL target not found
Refreshing native plugins compatible for Editor in 1.62 ms, found 3 plugins.
Preloading 0 native plugins for Editor in 0.00 ms.
[Package Manager] Server::EnsureServerProcessIsRunning -- launch failed, reason: Unity was launched with the -noUpm command-line argument
[Package Manager] Cannot connect to Unity Package Manager local server
Mono: successfully reloaded assembly
- Completed reload, in  3.894 seconds
Domain Reload Profiling:
	ReloadAssembly (3896ms)
		BeginReloadAssembly (452ms)
			ExecutionOrderSort (0ms)
			DisableScriptedObjects (12ms)
			BackupInstance (0ms)
			ReleaseScriptingObjects (0ms)
			CreateAndSetChildDomain (95ms)
		EndReloadAssembly (3161ms)
			LoadAssemblies (344ms)
			RebuildTransferFunctionScriptingTraits (0ms)
			SetupTypeCache (862ms)
			ReleaseScriptCaches (4ms)
			RebuildScriptCaches (115ms)
			SetupLoadedEditorAssemblies (1829ms)
				LogAssemblyErrors (0ms)
				InitializePlatformSupportModulesInManaged (24ms)
				SetLoadedEditorAssemblies (1ms)
				RefreshPlugins (2ms)
				BeforeProcessingInitializeOnLoad (199ms)
				ProcessInitializeOnLoadAttributes (1225ms)
				ProcessInitializeOnLoadMethodAttributes (331ms)
				AfterProcessingInitializeOnLoad (46ms)
				EditorAssembliesLoaded (0ms)
			ExecutionOrderSort2 (0ms)
			AwakeInstancesAfterBackupRestoration (30ms)
Platform modules already initialized, skipping
Refreshing native plugins compatible for Editor in 2.98 ms, found 3 plugins.
Preloading 0 native plugins for Editor in 0.00 ms.
Unloading 5100 Unused Serialized files (Serialized files now loaded: 0)
Unloading 27 unused Assets / (307.2 KB). Loaded Objects now: 5808.
Memory consumption went from 211.4 MB to 211.1 MB.
Total: 10.760800 ms (FindLiveObjects: 0.768900 ms CreateObjectMapping: 0.917500 ms MarkObjects: 8.922000 ms  DeleteObjects: 0.150300 ms)

AssetImportParameters requested are different than current active one (requested -> active):
  custom:video-decoder-ogg-theora: a1e56fd34408186e4bbccfd4996cb3dc -> 
  custom:container-muxer-webm: aa71ff27fc2769a1b78a27578f13a17b -> 
  custom:container-demuxer-webm: 4f35f7cbe854078d1ac9338744f61a02 -> 
  custom:video-encoder-webm-vp8: eb34c28f22e8b96e1ab97ce403110664 -> 
  custom:CustomObjectIndexerAttribute: 6b0e35c9178b02a6363f3721b7b8e397 -> 
  custom:audio-encoder-webm-vorbis: bf7c407c2cedff20999df2af8eb42d56 -> 
  custom:framework-win-MediaFoundation: 216162199b28c13a410421893ffa2e32 -> 
  custom:SearchIndexIgnoredProperties: e643bd26f0fe6173181afceb89e7c659 -> 
  custom:container-demuxer-ogg: 62fdf1f143b41e24485cea50d1cbac27 -> 
  custom:video-decoder-webm-vp8: 9c59270c3fd7afecdb556c50c9e8de78 -> 
  custom:audio-decoder-ogg-vorbis: bf7c407c2cedff20999df2af8eb42d56 -> 
========================================================================
Received Prepare
Registering precompiled user dll's ...
Registered in 0.030345 seconds.
Begin MonoManager ReloadAssembly
Native extension for WindowsStandalone target not found
Native extension for WebGL target not found
Refreshing native plugins compatible for Editor in 3.67 ms, found 3 plugins.
Preloading 0 native plugins for Editor in 0.00 ms.
[Package Manager] Server::EnsureServerProcessIsRunning -- launch failed, reason: Unity was launched with the -noUpm command-line argument
[Package Manager] Cannot connect to Unity Package Manager local server
Mono: successfully reloaded assembly
- Completed reload, in 11.658 seconds
Domain Reload Profiling:
	ReloadAssembly (11660ms)
		BeginReloadAssembly (1225ms)
			ExecutionOrderSort (0ms)
			DisableScriptedObjects (42ms)
			BackupInstance (0ms)
			ReleaseScriptingObjects (0ms)
			CreateAndSetChildDomain (179ms)
		EndReloadAssembly (9709ms)
			LoadAssemblies (1326ms)
			RebuildTransferFunctionScriptingTraits (0ms)
			SetupTypeCache (2430ms)
			ReleaseScriptCaches (8ms)
			RebuildScriptCaches (294ms)
			SetupLoadedEditorAssemblies (5803ms)
				LogAssemblyErrors (0ms)
				InitializePlatformSupportModulesInManaged (59ms)
				SetLoadedEditorAssemblies (3ms)
				RefreshPlugins (4ms)
				BeforeProcessingInitializeOnLoad (634ms)
				ProcessInitializeOnLoadAttributes (3898ms)
				ProcessInitializeOnLoadMethodAttributes (806ms)
				AfterProcessingInitializeOnLoad (398ms)
				EditorAssembliesLoaded (1ms)
			ExecutionOrderSort2 (0ms)
			AwakeInstancesAfterBackupRestoration (120ms)
Platform modules already initialized, skipping
Refreshing native plugins compatible for Editor in 11.99 ms, found 3 plugins.
Preloading 0 native plugins for Editor in 0.00 ms.
Unloading 5100 Unused Serialized files (Serialized files now loaded: 0)
Unloading 27 unused Assets / (308.2 KB). Loaded Objects now: 5811.
Memory consumption went from 211.4 MB to 211.1 MB.
Total: 279.642900 ms (FindLiveObjects: 5.430300 ms CreateObjectMapping: 2.101500 ms MarkObjects: 271.951600 ms  DeleteObjects: 0.155000 ms)

AssetImportParameters requested are different than current active one (requested -> active):
  custom:video-decoder-ogg-theora: a1e56fd34408186e4bbccfd4996cb3dc -> 
  custom:container-muxer-webm: aa71ff27fc2769a1b78a27578f13a17b -> 
  custom:container-demuxer-webm: 4f35f7cbe854078d1ac9338744f61a02 -> 
  custom:video-encoder-webm-vp8: eb34c28f22e8b96e1ab97ce403110664 -> 
  custom:CustomObjectIndexerAttribute: 6b0e35c9178b02a6363f3721b7b8e397 -> 
  custom:audio-encoder-webm-vorbis: bf7c407c2cedff20999df2af8eb42d56 -> 
  custom:framework-win-MediaFoundation: 216162199b28c13a410421893ffa2e32 -> 
  custom:SearchIndexIgnoredProperties: e643bd26f0fe6173181afceb89e7c659 -> 
  custom:container-demuxer-ogg: 62fdf1f143b41e24485cea50d1cbac27 -> 
  custom:video-decoder-webm-vp8: 9c59270c3fd7afecdb556c50c9e8de78 -> 
  custom:audio-decoder-ogg-vorbis: bf7c407c2cedff20999df2af8eb42d56 -> 
========================================================================
Received Prepare
Registering precompiled user dll's ...
Registered in 0.022844 seconds.
Begin MonoManager ReloadAssembly
Native extension for WindowsStandalone target not found
Native extension for WebGL target not found
Refreshing native plugins compatible for Editor in 6.14 ms, found 3 plugins.
Preloading 0 native plugins for Editor in 0.00 ms.
[Package Manager] Server::EnsureServerProcessIsRunning -- launch failed, reason: Unity was launched with the -noUpm command-line argument
[Package Manager] Cannot connect to Unity Package Manager local server
Mono: successfully reloaded assembly
- Completed reload, in 11.226 seconds
Domain Reload Profiling:
	ReloadAssembly (11231ms)
		BeginReloadAssembly (1478ms)
			ExecutionOrderSort (0ms)
			DisableScriptedObjects (57ms)
			BackupInstance (0ms)
			ReleaseScriptingObjects (0ms)
			CreateAndSetChildDomain (803ms)
		EndReloadAssembly (8915ms)
			LoadAssemblies (645ms)
			RebuildTransferFunctionScriptingTraits (0ms)
			SetupTypeCache (2519ms)
			ReleaseScriptCaches (7ms)
			RebuildScriptCaches (674ms)
			SetupLoadedEditorAssemblies (4688ms)
				LogAssemblyErrors (0ms)
				InitializePlatformSupportModulesInManaged (58ms)
				SetLoadedEditorAssemblies (3ms)
				RefreshPlugins (6ms)
				BeforeProcessingInitializeOnLoad (655ms)
				ProcessInitializeOnLoadAttributes (3103ms)
				ProcessInitializeOnLoadMethodAttributes (749ms)
				AfterProcessingInitializeOnLoad (112ms)
				EditorAssembliesLoaded (1ms)
			ExecutionOrderSort2 (0ms)
			AwakeInstancesAfterBackupRestoration (141ms)
Platform modules already initialized, skipping
Refreshing native plugins compatible for Editor in 2.67 ms, found 3 plugins.
Preloading 0 native plugins for Editor in 0.00 ms.
Unloading 5100 Unused Serialized files (Serialized files now loaded: 0)
Unloading 27 unused Assets / (307.2 KB). Loaded Objects now: 5814.
Memory consumption went from 211.4 MB to 211.1 MB.
Total: 44.367000 ms (FindLiveObjects: 1.143300 ms CreateObjectMapping: 2.831300 ms MarkObjects: 39.605000 ms  DeleteObjects: 0.784100 ms)

AssetImportParameters requested are different than current active one (requested -> active):
  custom:video-decoder-ogg-theora: a1e56fd34408186e4bbccfd4996cb3dc -> 
  custom:container-muxer-webm: aa71ff27fc2769a1b78a27578f13a17b -> 
  custom:container-demuxer-webm: 4f35f7cbe854078d1ac9338744f61a02 -> 
  custom:video-encoder-webm-vp8: eb34c28f22e8b96e1ab97ce403110664 -> 
  custom:CustomObjectIndexerAttribute: 6b0e35c9178b02a6363f3721b7b8e397 -> 
  custom:audio-encoder-webm-vorbis: bf7c407c2cedff20999df2af8eb42d56 -> 
  custom:framework-win-MediaFoundation: 216162199b28c13a410421893ffa2e32 -> 
  custom:SearchIndexIgnoredProperties: e643bd26f0fe6173181afceb89e7c659 -> 
  custom:container-demuxer-ogg: 62fdf1f143b41e24485cea50d1cbac27 -> 
  custom:video-decoder-webm-vp8: 9c59270c3fd7afecdb556c50c9e8de78 -> 
  custom:audio-decoder-ogg-vorbis: bf7c407c2cedff20999df2af8eb42d56 -> 
========================================================================
Received Prepare
Registering precompiled user dll's ...
Registered in 0.024186 seconds.
Begin MonoManager ReloadAssembly
Native extension for WindowsStandalone target not found
Native extension for WebGL target not found
Refreshing native plugins compatible for Editor in 1.71 ms, found 3 plugins.
Preloading 0 native plugins for Editor in 0.00 ms.
[Package Manager] Server::EnsureServerProcessIsRunning -- launch failed, reason: Unity was launched with the -noUpm command-line argument
[Package Manager] Cannot connect to Unity Package Manager local server
Mono: successfully reloaded assembly
- Completed reload, in  4.294 seconds
Domain Reload Profiling:
	ReloadAssembly (4296ms)
		BeginReloadAssembly (481ms)
			ExecutionOrderSort (0ms)
			DisableScriptedObjects (17ms)
			BackupInstance (0ms)
			ReleaseScriptingObjects (0ms)
			CreateAndSetChildDomain (81ms)
		EndReloadAssembly (3473ms)
			LoadAssemblies (382ms)
			RebuildTransferFunctionScriptingTraits (0ms)
			SetupTypeCache (895ms)
			ReleaseScriptCaches (3ms)
			RebuildScriptCaches (120ms)
			SetupLoadedEditorAssemblies (2089ms)
				LogAssemblyErrors (0ms)
				InitializePlatformSupportModulesInManaged (27ms)
				SetLoadedEditorAssemblies (1ms)
				RefreshPlugins (2ms)
				BeforeProcessingInitializeOnLoad (266ms)
				ProcessInitializeOnLoadAttributes (1494ms)
				ProcessInitializeOnLoadMethodAttributes (250ms)
				AfterProcessingInitializeOnLoad (49ms)
				EditorAssembliesLoaded (0ms)
			ExecutionOrderSort2 (0ms)
			AwakeInstancesAfterBackupRestoration (28ms)
Platform modules already initialized, skipping
Refreshing native plugins compatible for Editor in 2.59 ms, found 3 plugins.
Preloading 0 native plugins for Editor in 0.00 ms.
Unloading 5100 Unused Serialized files (Serialized files now loaded: 0)
Unloading 27 unused Assets / (307.1 KB). Loaded Objects now: 5817.
Memory consumption went from 211.4 MB to 211.1 MB.
Total: 8.979600 ms (FindLiveObjects: 0.697200 ms CreateObjectMapping: 0.587200 ms MarkObjects: 7.539300 ms  DeleteObjects: 0.153800 ms)

AssetImportParameters requested are different than current active one (requested -> active):
  custom:video-decoder-ogg-theora: a1e56fd34408186e4bbccfd4996cb3dc -> 
  custom:container-muxer-webm: aa71ff27fc2769a1b78a27578f13a17b -> 
  custom:container-demuxer-webm: 4f35f7cbe854078d1ac9338744f61a02 -> 
  custom:video-encoder-webm-vp8: eb34c28f22e8b96e1ab97ce403110664 -> 
  custom:CustomObjectIndexerAttribute: 6b0e35c9178b02a6363f3721b7b8e397 -> 
  custom:audio-encoder-webm-vorbis: bf7c407c2cedff20999df2af8eb42d56 -> 
  custom:framework-win-MediaFoundation: 216162199b28c13a410421893ffa2e32 -> 
  custom:SearchIndexIgnoredProperties: e643bd26f0fe6173181afceb89e7c659 -> 
  custom:container-demuxer-ogg: 62fdf1f143b41e24485cea50d1cbac27 -> 
  custom:video-decoder-webm-vp8: 9c59270c3fd7afecdb556c50c9e8de78 -> 
  custom:audio-decoder-ogg-vorbis: bf7c407c2cedff20999df2af8eb42d56 -> 
========================================================================
Received Prepare
Registering precompiled user dll's ...
Registered in 0.030829 seconds.
Begin MonoManager ReloadAssembly
Native extension for WindowsStandalone target not found
Native extension for WebGL target not found
Refreshing native plugins compatible for Editor in 4.73 ms, found 3 plugins.
Preloading 0 native plugins for Editor in 0.00 ms.
[Package Manager] Server::EnsureServerProcessIsRunning -- launch failed, reason: Unity was launched with the -noUpm command-line argument
[Package Manager] Cannot connect to Unity Package Manager local server
Mono: successfully reloaded assembly
- Completed reload, in  9.708 seconds
Domain Reload Profiling:
	ReloadAssembly (9710ms)
		BeginReloadAssembly (1148ms)
			ExecutionOrderSort (0ms)
			DisableScriptedObjects (60ms)
			BackupInstance (0ms)
			ReleaseScriptingObjects (2ms)
			CreateAndSetChildDomain (243ms)
		EndReloadAssembly (7981ms)
			LoadAssemblies (761ms)
			RebuildTransferFunctionScriptingTraits (0ms)
			SetupTypeCache (2527ms)
			ReleaseScriptCaches (6ms)
			RebuildScriptCaches (377ms)
			SetupLoadedEditorAssemblies (4188ms)
				LogAssemblyErrors (0ms)
				InitializePlatformSupportModulesInManaged (54ms)
				SetLoadedEditorAssemblies (2ms)
				RefreshPlugins (5ms)
				BeforeProcessingInitializeOnLoad (551ms)
				ProcessInitializeOnLoadAttributes (2688ms)
				ProcessInitializeOnLoadMethodAttributes (793ms)
				AfterProcessingInitializeOnLoad (94ms)
				EditorAssembliesLoaded (1ms)
			ExecutionOrderSort2 (0ms)
			AwakeInstancesAfterBackupRestoration (41ms)
Platform modules already initialized, skipping
Refreshing native plugins compatible for Editor in 7.56 ms, found 3 plugins.
Preloading 0 native plugins for Editor in 0.00 ms.
Unloading 5100 Unused Serialized files (Serialized files now loaded: 0)
Unloading 27 unused Assets / (307.2 KB). Loaded Objects now: 5820.
Memory consumption went from 211.2 MB to 210.9 MB.
Total: 31.854100 ms (FindLiveObjects: 1.650400 ms CreateObjectMapping: 0.834400 ms MarkObjects: 28.981000 ms  DeleteObjects: 0.385100 ms)

AssetImportParameters requested are different than current active one (requested -> active):
  custom:video-decoder-ogg-theora: a1e56fd34408186e4bbccfd4996cb3dc -> 
  custom:container-muxer-webm: aa71ff27fc2769a1b78a27578f13a17b -> 
  custom:container-demuxer-webm: 4f35f7cbe854078d1ac9338744f61a02 -> 
  custom:video-encoder-webm-vp8: eb34c28f22e8b96e1ab97ce403110664 -> 
  custom:CustomObjectIndexerAttribute: 6b0e35c9178b02a6363f3721b7b8e397 -> 
  custom:audio-encoder-webm-vorbis: bf7c407c2cedff20999df2af8eb42d56 -> 
  custom:framework-win-MediaFoundation: 216162199b28c13a410421893ffa2e32 -> 
  custom:SearchIndexIgnoredProperties: e643bd26f0fe6173181afceb89e7c659 -> 
  custom:container-demuxer-ogg: 62fdf1f143b41e24485cea50d1cbac27 -> 
  custom:video-decoder-webm-vp8: 9c59270c3fd7afecdb556c50c9e8de78 -> 
  custom:audio-decoder-ogg-vorbis: bf7c407c2cedff20999df2af8eb42d56 -> 
========================================================================
Received Prepare
Registering precompiled user dll's ...
Registered in 0.023946 seconds.
Begin MonoManager ReloadAssembly
Native extension for WindowsStandalone target not found
Native extension for WebGL target not found
Refreshing native plugins compatible for Editor in 1.74 ms, found 3 plugins.
Preloading 0 native plugins for Editor in 0.00 ms.
[Package Manager] Server::EnsureServerProcessIsRunning -- launch failed, reason: Unity was launched with the -noUpm command-line argument
[Package Manager] Cannot connect to Unity Package Manager local server
Mono: successfully reloaded assembly
- Completed reload, in  5.673 seconds
Domain Reload Profiling:
	ReloadAssembly (5675ms)
		BeginReloadAssembly (1061ms)
			ExecutionOrderSort (0ms)
			DisableScriptedObjects (40ms)
			BackupInstance (0ms)
			ReleaseScriptingObjects (0ms)
			CreateAndSetChildDomain (119ms)
		EndReloadAssembly (4215ms)
			LoadAssemblies (895ms)
			RebuildTransferFunctionScriptingTraits (0ms)
			SetupTypeCache (1175ms)
			ReleaseScriptCaches (4ms)
			RebuildScriptCaches (194ms)
			SetupLoadedEditorAssemblies (2151ms)
				LogAssemblyErrors (0ms)
				InitializePlatformSupportModulesInManaged (34ms)
				SetLoadedEditorAssemblies (1ms)
				RefreshPlugins (2ms)
				BeforeProcessingInitializeOnLoad (281ms)
				ProcessInitializeOnLoadAttributes (1587ms)
				ProcessInitializeOnLoadMethodAttributes (200ms)
				AfterProcessingInitializeOnLoad (45ms)
				EditorAssembliesLoaded (1ms)
			ExecutionOrderSort2 (0ms)
			AwakeInstancesAfterBackupRestoration (66ms)
Platform modules already initialized, skipping
Refreshing native plugins compatible for Editor in 3.61 ms, found 3 plugins.
Preloading 0 native plugins for Editor in 0.00 ms.
Unloading 5100 Unused Serialized files (Serialized files now loaded: 0)
Unloading 27 unused Assets / (307.2 KB). Loaded Objects now: 5823.
Memory consumption went from 211.4 MB to 211.1 MB.
Total: 17.011400 ms (FindLiveObjects: 1.404300 ms CreateObjectMapping: 2.595600 ms MarkObjects: 12.841900 ms  DeleteObjects: 0.165000 ms)

AssetImportParameters requested are different than current active one (requested -> active):
  custom:video-decoder-ogg-theora: a1e56fd34408186e4bbccfd4996cb3dc -> 
  custom:container-muxer-webm: aa71ff27fc2769a1b78a27578f13a17b -> 
  custom:container-demuxer-webm: 4f35f7cbe854078d1ac9338744f61a02 -> 
  custom:video-encoder-webm-vp8: eb34c28f22e8b96e1ab97ce403110664 -> 
  custom:CustomObjectIndexerAttribute: 6b0e35c9178b02a6363f3721b7b8e397 -> 
  custom:audio-encoder-webm-vorbis: bf7c407c2cedff20999df2af8eb42d56 -> 
  custom:framework-win-MediaFoundation: 216162199b28c13a410421893ffa2e32 -> 
  custom:SearchIndexIgnoredProperties: e643bd26f0fe6173181afceb89e7c659 -> 
  custom:container-demuxer-ogg: 62fdf1f143b41e24485cea50d1cbac27 -> 
  custom:video-decoder-webm-vp8: 9c59270c3fd7afecdb556c50c9e8de78 -> 
  custom:audio-decoder-ogg-vorbis: bf7c407c2cedff20999df2af8eb42d56 -> 
========================================================================
Received Prepare
Registering precompiled user dll's ...
Registered in 0.037277 seconds.
Begin MonoManager ReloadAssembly
Native extension for WindowsStandalone target not found
Native extension for WebGL target not found
Refreshing native plugins compatible for Editor in 4.10 ms, found 3 plugins.
Preloading 0 native plugins for Editor in 0.00 ms.
[Package Manager] Server::EnsureServerProcessIsRunning -- launch failed, reason: Unity was launched with the -noUpm command-line argument
[Package Manager] Cannot connect to Unity Package Manager local server
Mono: successfully reloaded assembly
- Completed reload, in 25.659 seconds
Domain Reload Profiling:
	ReloadAssembly (25664ms)
		BeginReloadAssembly (1186ms)
			ExecutionOrderSort (0ms)
			DisableScriptedObjects (34ms)
			BackupInstance (0ms)
			ReleaseScriptingObjects (0ms)
			CreateAndSetChildDomain (297ms)
		EndReloadAssembly (23052ms)
			LoadAssemblies (1108ms)
			RebuildTransferFunctionScriptingTraits (0ms)
			SetupTypeCache (15757ms)
			ReleaseScriptCaches (14ms)
			RebuildScriptCaches (774ms)
			SetupLoadedEditorAssemblies (4697ms)
				LogAssemblyErrors (0ms)
				InitializePlatformSupportModulesInManaged (69ms)
				SetLoadedEditorAssemblies (7ms)
				RefreshPlugins (4ms)
				BeforeProcessingInitializeOnLoad (745ms)
				ProcessInitializeOnLoadAttributes (3103ms)
				ProcessInitializeOnLoadMethodAttributes (654ms)
				AfterProcessingInitializeOnLoad (113ms)
				EditorAssembliesLoaded (1ms)
			ExecutionOrderSort2 (0ms)
			AwakeInstancesAfterBackupRestoration (66ms)
Platform modules already initialized, skipping
Refreshing native plugins compatible for Editor in 2.49 ms, found 3 plugins.
Preloading 0 native plugins for Editor in 0.00 ms.
Unloading 5100 Unused Serialized files (Serialized files now loaded: 0)
Unloading 27 unused Assets / (307.2 KB). Loaded Objects now: 5826.
Memory consumption went from 211.4 MB to 211.1 MB.
Total: 28.093300 ms (FindLiveObjects: 15.621900 ms CreateObjectMapping: 1.486000 ms MarkObjects: 10.826000 ms  DeleteObjects: 0.156300 ms)

AssetImportParameters requested are different than current active one (requested -> active):
  custom:video-decoder-ogg-theora: a1e56fd34408186e4bbccfd4996cb3dc -> 
  custom:container-muxer-webm: aa71ff27fc2769a1b78a27578f13a17b -> 
  custom:container-demuxer-webm: 4f35f7cbe854078d1ac9338744f61a02 -> 
  custom:video-encoder-webm-vp8: eb34c28f22e8b96e1ab97ce403110664 -> 
  custom:CustomObjectIndexerAttribute: 6b0e35c9178b02a6363f3721b7b8e397 -> 
  custom:audio-encoder-webm-vorbis: bf7c407c2cedff20999df2af8eb42d56 -> 
  custom:framework-win-MediaFoundation: 216162199b28c13a410421893ffa2e32 -> 
  custom:SearchIndexIgnoredProperties: e643bd26f0fe6173181afceb89e7c659 -> 
  custom:container-demuxer-ogg: 62fdf1f143b41e24485cea50d1cbac27 -> 
  custom:video-decoder-webm-vp8: 9c59270c3fd7afecdb556c50c9e8de78 -> 
  custom:audio-decoder-ogg-vorbis: bf7c407c2cedff20999df2af8eb42d56 -> 
========================================================================
Received Import Request.
  Time since last request: 7511.971932 seconds.
  path: Assets/Scenes/Guia#9.unity
  artifactKey: Guid(b26f2666527cce5499580ee5043ab559) Importer(815301076,1909f56bfc062723c751e8b465ee728b)
Number of updated assets reloaded before import = 0
Start importing Assets/Scenes/Guia#9.unity using Guid(b26f2666527cce5499580ee5043ab559) Importer(815301076,1909f56bfc062723c751e8b465ee728b)  -> (artifact id: '735157b887a7e67bc556406d27f482ec') in 0.082452 seconds 
Number of asset objects unloaded after import = 0
========================================================================
Received Import Request.
  Time since last request: 12.208857 seconds.
  path: Assets/Scenes/MainMenu.unity
  artifactKey: Guid(b26f2666527cce5499580ee5043ab559) Importer(815301076,1909f56bfc062723c751e8b465ee728b)
Number of updated assets reloaded before import = 0
Start importing Assets/Scenes/MainMenu.unity using Guid(b26f2666527cce5499580ee5043ab559) Importer(815301076,1909f56bfc062723c751e8b465ee728b)  -> (artifact id: 'bda83c4f66ee893ce8bef04bcb65b508') in 0.028739 seconds 
Number of asset objects unloaded after import = 0
========================================================================
Received Prepare
Registering precompiled user dll's ...
Registered in 0.029650 seconds.
Begin MonoManager ReloadAssembly
Native extension for WindowsStandalone target not found
Native extension for WebGL target not found
Refreshing native plugins compatible for Editor in 4.55 ms, found 3 plugins.
Preloading 0 native plugins for Editor in 0.00 ms.
[Package Manager] Server::EnsureServerProcessIsRunning -- launch failed, reason: Unity was launched with the -noUpm command-line argument
[Package Manager] Cannot connect to Unity Package Manager local server
Mono: successfully reloaded assembly
- Completed reload, in 10.917 seconds
Domain Reload Profiling:
	ReloadAssembly (10920ms)
		BeginReloadAssembly (724ms)
			ExecutionOrderSort (0ms)
			DisableScriptedObjects (16ms)
			BackupInstance (0ms)
			ReleaseScriptingObjects (0ms)
			CreateAndSetChildDomain (118ms)
		EndReloadAssembly (9723ms)
			LoadAssemblies (706ms)
			RebuildTransferFunctionScriptingTraits (1ms)
			SetupTypeCache (2996ms)
			ReleaseScriptCaches (8ms)
			RebuildScriptCaches (325ms)
			SetupLoadedEditorAssemblies (5062ms)
				LogAssemblyErrors (0ms)
				InitializePlatformSupportModulesInManaged (57ms)
				SetLoadedEditorAssemblies (5ms)
				RefreshPlugins (5ms)
				BeforeProcessingInitializeOnLoad (614ms)
				ProcessInitializeOnLoadAttributes (3518ms)
				ProcessInitializeOnLoadMethodAttributes (754ms)
				AfterProcessingInitializeOnLoad (108ms)
				EditorAssembliesLoaded (1ms)
			ExecutionOrderSort2 (0ms)
			AwakeInstancesAfterBackupRestoration (64ms)
Platform modules already initialized, skipping
Refreshing native plugins compatible for Editor in 2.93 ms, found 3 plugins.
Preloading 0 native plugins for Editor in 0.00 ms.
Unloading 5100 Unused Serialized files (Serialized files now loaded: 0)
Unloading 27 unused Assets / (307.2 KB). Loaded Objects now: 5829.
Memory consumption went from 211.4 MB to 211.1 MB.
Total: 13.696300 ms (FindLiveObjects: 1.184000 ms CreateObjectMapping: 1.015300 ms MarkObjects: 11.309100 ms  DeleteObjects: 0.185400 ms)

AssetImportParameters requested are different than current active one (requested -> active):
  custom:video-decoder-ogg-theora: a1e56fd34408186e4bbccfd4996cb3dc -> 
  custom:container-muxer-webm: aa71ff27fc2769a1b78a27578f13a17b -> 
  custom:container-demuxer-webm: 4f35f7cbe854078d1ac9338744f61a02 -> 
  custom:video-encoder-webm-vp8: eb34c28f22e8b96e1ab97ce403110664 -> 
  custom:CustomObjectIndexerAttribute: 6b0e35c9178b02a6363f3721b7b8e397 -> 
  custom:audio-encoder-webm-vorbis: bf7c407c2cedff20999df2af8eb42d56 -> 
  custom:framework-win-MediaFoundation: 216162199b28c13a410421893ffa2e32 -> 
  custom:SearchIndexIgnoredProperties: e643bd26f0fe6173181afceb89e7c659 -> 
  custom:container-demuxer-ogg: 62fdf1f143b41e24485cea50d1cbac27 -> 
  custom:video-decoder-webm-vp8: 9c59270c3fd7afecdb556c50c9e8de78 -> 
  custom:audio-decoder-ogg-vorbis: bf7c407c2cedff20999df2af8eb42d56 -> 
========================================================================
Received Import Request.
  Time since last request: 103.464811 seconds.
  path: Assets/Prefabs/Managers/GameManager.prefab
  artifactKey: Guid(d509c36cddc9c2248801ab744fd28e25) Importer(815301076,1909f56bfc062723c751e8b465ee728b)
Number of updated assets reloaded before import = 0
Start importing Assets/Prefabs/Managers/GameManager.prefab using Guid(d509c36cddc9c2248801ab744fd28e25) Importer(815301076,1909f56bfc062723c751e8b465ee728b)  -> (artifact id: '82fe4f615a7722bd24bed48dfc408f1e') in 0.075367 seconds 
Number of asset objects unloaded after import = 5
========================================================================
Received Prepare
Registering precompiled user dll's ...
Registered in 0.023598 seconds.
Begin MonoManager ReloadAssembly
Native extension for WindowsStandalone target not found
Native extension for WebGL target not found
Refreshing native plugins compatible for Editor in 2.26 ms, found 3 plugins.
Preloading 0 native plugins for Editor in 0.00 ms.
[Package Manager] Server::EnsureServerProcessIsRunning -- launch failed, reason: Unity was launched with the -noUpm command-line argument
[Package Manager] Cannot connect to Unity Package Manager local server
Mono: successfully reloaded assembly
- Completed reload, in 11.050 seconds
Domain Reload Profiling:
	ReloadAssembly (11056ms)
		BeginReloadAssembly (681ms)
			ExecutionOrderSort (0ms)
			DisableScriptedObjects (14ms)
			BackupInstance (0ms)
			ReleaseScriptingObjects (1ms)
			CreateAndSetChildDomain (100ms)
		EndReloadAssembly (9682ms)
			LoadAssemblies (681ms)
			RebuildTransferFunctionScriptingTraits (0ms)
			SetupTypeCache (3052ms)
			ReleaseScriptCaches (8ms)
			RebuildScriptCaches (605ms)
			SetupLoadedEditorAssemblies (4695ms)
				LogAssemblyErrors (0ms)
				InitializePlatformSupportModulesInManaged (64ms)
				SetLoadedEditorAssemblies (2ms)
				RefreshPlugins (2ms)
				BeforeProcessingInitializeOnLoad (746ms)
				ProcessInitializeOnLoadAttributes (2997ms)
				ProcessInitializeOnLoadMethodAttributes (790ms)
				AfterProcessingInitializeOnLoad (93ms)
				EditorAssembliesLoaded (1ms)
			ExecutionOrderSort2 (0ms)
			AwakeInstancesAfterBackupRestoration (65ms)
Platform modules already initialized, skipping
Refreshing native plugins compatible for Editor in 31.69 ms, found 3 plugins.
Preloading 0 native plugins for Editor in 0.00 ms.
Unloading 5100 Unused Serialized files (Serialized files now loaded: 0)
Unloading 27 unused Assets / (307.1 KB). Loaded Objects now: 5832.
Memory consumption went from 211.4 MB to 211.1 MB.
Total: 16.017900 ms (FindLiveObjects: 1.123200 ms CreateObjectMapping: 2.155900 ms MarkObjects: 12.601400 ms  DeleteObjects: 0.135100 ms)

AssetImportParameters requested are different than current active one (requested -> active):
  custom:video-decoder-ogg-theora: a1e56fd34408186e4bbccfd4996cb3dc -> 
  custom:container-muxer-webm: aa71ff27fc2769a1b78a27578f13a17b -> 
  custom:container-demuxer-webm: 4f35f7cbe854078d1ac9338744f61a02 -> 
  custom:video-encoder-webm-vp8: eb34c28f22e8b96e1ab97ce403110664 -> 
  custom:CustomObjectIndexerAttribute: 6b0e35c9178b02a6363f3721b7b8e397 -> 
  custom:audio-encoder-webm-vorbis: bf7c407c2cedff20999df2af8eb42d56 -> 
  custom:framework-win-MediaFoundation: 216162199b28c13a410421893ffa2e32 -> 
  custom:SearchIndexIgnoredProperties: e643bd26f0fe6173181afceb89e7c659 -> 
  custom:container-demuxer-ogg: 62fdf1f143b41e24485cea50d1cbac27 -> 
  custom:video-decoder-webm-vp8: 9c59270c3fd7afecdb556c50c9e8de78 -> 
  custom:audio-decoder-ogg-vorbis: bf7c407c2cedff20999df2af8eb42d56 -> 
========================================================================
Received Prepare
Registering precompiled user dll's ...
Registered in 0.021836 seconds.
Begin MonoManager ReloadAssembly
Native extension for WindowsStandalone target not found
Native extension for WebGL target not found
Refreshing native plugins compatible for Editor in 5.74 ms, found 3 plugins.
Preloading 0 native plugins for Editor in 0.00 ms.
[Package Manager] Server::EnsureServerProcessIsRunning -- launch failed, reason: Unity was launched with the -noUpm command-line argument
[Package Manager] Cannot connect to Unity Package Manager local server
Mono: successfully reloaded assembly
- Completed reload, in 17.218 seconds
Domain Reload Profiling:
	ReloadAssembly (17222ms)
		BeginReloadAssembly (722ms)
			ExecutionOrderSort (0ms)
			DisableScriptedObjects (24ms)
			BackupInstance (0ms)
			ReleaseScriptingObjects (0ms)
			CreateAndSetChildDomain (139ms)
		EndReloadAssembly (15680ms)
			LoadAssemblies (917ms)
			RebuildTransferFunctionScriptingTraits (0ms)
			SetupTypeCache (5878ms)
			ReleaseScriptCaches (17ms)
			RebuildScriptCaches (841ms)
			SetupLoadedEditorAssemblies (7297ms)
				LogAssemblyErrors (0ms)
				InitializePlatformSupportModulesInManaged (63ms)
				SetLoadedEditorAssemblies (3ms)
				RefreshPlugins (6ms)
				BeforeProcessingInitializeOnLoad (1110ms)
				ProcessInitializeOnLoadAttributes (5172ms)
				ProcessInitializeOnLoadMethodAttributes (834ms)
				AfterProcessingInitializeOnLoad (109ms)
				EditorAssembliesLoaded (1ms)
			ExecutionOrderSort2 (0ms)
			AwakeInstancesAfterBackupRestoration (87ms)
Platform modules already initialized, skipping
Refreshing native plugins compatible for Editor in 6.33 ms, found 3 plugins.
Preloading 0 native plugins for Editor in 0.00 ms.
Unloading 5100 Unused Serialized files (Serialized files now loaded: 0)
Unloading 27 unused Assets / (307.2 KB). Loaded Objects now: 5835.
Memory consumption went from 211.3 MB to 211.0 MB.
Total: 13.148700 ms (FindLiveObjects: 1.153600 ms CreateObjectMapping: 1.435400 ms MarkObjects: 10.262900 ms  DeleteObjects: 0.294300 ms)

AssetImportParameters requested are different than current active one (requested -> active):
  custom:video-decoder-ogg-theora: a1e56fd34408186e4bbccfd4996cb3dc -> 
  custom:container-muxer-webm: aa71ff27fc2769a1b78a27578f13a17b -> 
  custom:container-demuxer-webm: 4f35f7cbe854078d1ac9338744f61a02 -> 
  custom:video-encoder-webm-vp8: eb34c28f22e8b96e1ab97ce403110664 -> 
  custom:CustomObjectIndexerAttribute: 6b0e35c9178b02a6363f3721b7b8e397 -> 
  custom:audio-encoder-webm-vorbis: bf7c407c2cedff20999df2af8eb42d56 -> 
  custom:framework-win-MediaFoundation: 216162199b28c13a410421893ffa2e32 -> 
  custom:SearchIndexIgnoredProperties: e643bd26f0fe6173181afceb89e7c659 -> 
  custom:container-demuxer-ogg: 62fdf1f143b41e24485cea50d1cbac27 -> 
  custom:video-decoder-webm-vp8: 9c59270c3fd7afecdb556c50c9e8de78 -> 
  custom:audio-decoder-ogg-vorbis: bf7c407c2cedff20999df2af8eb42d56 -> 
========================================================================
Received Prepare
Registering precompiled user dll's ...
Registered in 0.026754 seconds.
Begin MonoManager ReloadAssembly
Native extension for WindowsStandalone target not found
Native extension for WebGL target not found
Refreshing native plugins compatible for Editor in 2.60 ms, found 3 plugins.
Preloading 0 native plugins for Editor in 0.00 ms.
[Package Manager] Server::EnsureServerProcessIsRunning -- launch failed, reason: Unity was launched with the -noUpm command-line argument
[Package Manager] Cannot connect to Unity Package Manager local server
Mono: successfully reloaded assembly
- Completed reload, in 10.590 seconds
Domain Reload Profiling:
	ReloadAssembly (10594ms)
		BeginReloadAssembly (1368ms)
			ExecutionOrderSort (0ms)
			DisableScriptedObjects (92ms)
			BackupInstance (0ms)
			ReleaseScriptingObjects (1ms)
			CreateAndSetChildDomain (454ms)
		EndReloadAssembly (8319ms)
			LoadAssemblies (762ms)
			RebuildTransferFunctionScriptingTraits (0ms)
			SetupTypeCache (2509ms)
			ReleaseScriptCaches (7ms)
			RebuildScriptCaches (358ms)
			SetupLoadedEditorAssemblies (4333ms)
				LogAssemblyErrors (0ms)
				InitializePlatformSupportModulesInManaged (56ms)
				SetLoadedEditorAssemblies (4ms)
				RefreshPlugins (3ms)
				BeforeProcessingInitializeOnLoad (436ms)
				ProcessInitializeOnLoadAttributes (3244ms)
				ProcessInitializeOnLoadMethodAttributes (489ms)
				AfterProcessingInitializeOnLoad (101ms)
				EditorAssembliesLoaded (1ms)
			ExecutionOrderSort2 (0ms)
			AwakeInstancesAfterBackupRestoration (71ms)
Platform modules already initialized, skipping
Refreshing native plugins compatible for Editor in 8.61 ms, found 3 plugins.
Preloading 0 native plugins for Editor in 0.00 ms.
Unloading 5100 Unused Serialized files (Serialized files now loaded: 0)
Unloading 27 unused Assets / (307.2 KB). Loaded Objects now: 5838.
Memory consumption went from 211.5 MB to 211.2 MB.
Total: 10.031200 ms (FindLiveObjects: 0.843400 ms CreateObjectMapping: 0.958000 ms MarkObjects: 8.110400 ms  DeleteObjects: 0.117100 ms)

AssetImportParameters requested are different than current active one (requested -> active):
  custom:video-decoder-ogg-theora: a1e56fd34408186e4bbccfd4996cb3dc -> 
  custom:container-muxer-webm: aa71ff27fc2769a1b78a27578f13a17b -> 
  custom:container-demuxer-webm: 4f35f7cbe854078d1ac9338744f61a02 -> 
  custom:video-encoder-webm-vp8: eb34c28f22e8b96e1ab97ce403110664 -> 
  custom:CustomObjectIndexerAttribute: 6b0e35c9178b02a6363f3721b7b8e397 -> 
  custom:audio-encoder-webm-vorbis: bf7c407c2cedff20999df2af8eb42d56 -> 
  custom:framework-win-MediaFoundation: 216162199b28c13a410421893ffa2e32 -> 
  custom:SearchIndexIgnoredProperties: e643bd26f0fe6173181afceb89e7c659 -> 
  custom:container-demuxer-ogg: 62fdf1f143b41e24485cea50d1cbac27 -> 
  custom:video-decoder-webm-vp8: 9c59270c3fd7afecdb556c50c9e8de78 -> 
  custom:audio-decoder-ogg-vorbis: bf7c407c2cedff20999df2af8eb42d56 -> 
========================================================================
Received Import Request.
  Time since last request: 305.656527 seconds.
  path: Assets/Scenes/MainMenu.unity
  artifactKey: Guid(b26f2666527cce5499580ee5043ab559) Importer(815301076,1909f56bfc062723c751e8b465ee728b)
Number of updated assets reloaded before import = 0
Start importing Assets/Scenes/MainMenu.unity using Guid(b26f2666527cce5499580ee5043ab559) Importer(815301076,1909f56bfc062723c751e8b465ee728b)  -> (artifact id: 'e41b3982c70cd7706a4ed4c762eb7e00') in 0.024751 seconds 
Number of asset objects unloaded after import = 0
========================================================================
Received Import Request.
  Time since last request: 6.207507 seconds.
  path: Assets/Scenes/MainMenu 1.unity
  artifactKey: Guid(7554363bea2486d44824055350752742) Importer(815301076,1909f56bfc062723c751e8b465ee728b)
Number of updated assets reloaded before import = 0
Start importing Assets/Scenes/MainMenu 1.unity using Guid(7554363bea2486d44824055350752742) Importer(815301076,1909f56bfc062723c751e8b465ee728b)  -> (artifact id: '2b877bf1445b9405d415a090220c374e') in 0.038857 seconds 
Number of asset objects unloaded after import = 0
========================================================================
Received Import Request.
  Time since last request: 4.835242 seconds.
  path: Assets/Scenes/Level_001.unity
  artifactKey: Guid(7554363bea2486d44824055350752742) Importer(815301076,1909f56bfc062723c751e8b465ee728b)
Number of updated assets reloaded before import = 0
Start importing Assets/Scenes/Level_001.unity using Guid(7554363bea2486d44824055350752742) Importer(815301076,1909f56bfc062723c751e8b465ee728b)  -> (artifact id: '70c70a4fd3448637021eca3fe89f86f1') in 0.051340 seconds 
Number of asset objects unloaded after import = 0
========================================================================
Received Import Request.
  Time since last request: 35.890624 seconds.
  path: Assets/Scenes/Level_001.unity
  artifactKey: Guid(7554363bea2486d44824055350752742) Importer(815301076,1909f56bfc062723c751e8b465ee728b)
Number of updated assets reloaded before import = 0
Start importing Assets/Scenes/Level_001.unity using Guid(7554363bea2486d44824055350752742) Importer(815301076,1909f56bfc062723c751e8b465ee728b)  -> (artifact id: 'e907089fb6a8a9cf8a5d59d0c12152c1') in 0.034926 seconds 
Number of asset objects unloaded after import = 0
========================================================================
Received Import Request.
  Time since last request: 3.785544 seconds.
  path: Assets/Scenes/MainMenu 1.unity
  artifactKey: Guid(4da869e5cf8ff0746ab6ef902a6960e1) Importer(815301076,1909f56bfc062723c751e8b465ee728b)
Number of updated assets reloaded before import = 0
Start importing Assets/Scenes/MainMenu 1.unity using Guid(4da869e5cf8ff0746ab6ef902a6960e1) Importer(815301076,1909f56bfc062723c751e8b465ee728b)  -> (artifact id: '408317c38ad9ef454a4f7eaf54943f14') in 0.021205 seconds 
Number of asset objects unloaded after import = 0
========================================================================
Received Import Request.
  Time since last request: 7.560587 seconds.
  path: Assets/Scenes/Guia#9.unity
  artifactKey: Guid(4da869e5cf8ff0746ab6ef902a6960e1) Importer(815301076,1909f56bfc062723c751e8b465ee728b)
Number of updated assets reloaded before import = 0
Start importing Assets/Scenes/Guia#9.unity using Guid(4da869e5cf8ff0746ab6ef902a6960e1) Importer(815301076,1909f56bfc062723c751e8b465ee728b)  -> (artifact id: '400fd42aa08594741c828153d80b7e90') in 0.006955 seconds 
Number of asset objects unloaded after import = 0
========================================================================
Received Prepare
Registering precompiled user dll's ...
Registered in 0.024257 seconds.
Begin MonoManager ReloadAssembly
Native extension for WindowsStandalone target not found
Native extension for WebGL target not found
Refreshing native plugins compatible for Editor in 1.59 ms, found 3 plugins.
Preloading 0 native plugins for Editor in 0.00 ms.
[Package Manager] Server::EnsureServerProcessIsRunning -- launch failed, reason: Unity was launched with the -noUpm command-line argument
[Package Manager] Cannot connect to Unity Package Manager local server
Mono: successfully reloaded assembly
- Completed reload, in  4.832 seconds
Domain Reload Profiling:
	ReloadAssembly (4834ms)
		BeginReloadAssembly (504ms)
			ExecutionOrderSort (0ms)
			DisableScriptedObjects (15ms)
			BackupInstance (0ms)
			ReleaseScriptingObjects (0ms)
			CreateAndSetChildDomain (109ms)
		EndReloadAssembly (4008ms)
			LoadAssemblies (364ms)
			RebuildTransferFunctionScriptingTraits (0ms)
			SetupTypeCache (1067ms)
			ReleaseScriptCaches (4ms)
			RebuildScriptCaches (152ms)
			SetupLoadedEditorAssemblies (2297ms)
				LogAssemblyErrors (0ms)
				InitializePlatformSupportModulesInManaged (32ms)
				SetLoadedEditorAssemblies (1ms)
				RefreshPlugins (2ms)
				BeforeProcessingInitializeOnLoad (269ms)
				ProcessInitializeOnLoadAttributes (1673ms)
				ProcessInitializeOnLoadMethodAttributes (271ms)
				AfterProcessingInitializeOnLoad (48ms)
				EditorAssembliesLoaded (1ms)
			ExecutionOrderSort2 (0ms)
			AwakeInstancesAfterBackupRestoration (35ms)
Platform modules already initialized, skipping
Refreshing native plugins compatible for Editor in 12.21 ms, found 3 plugins.
Preloading 0 native plugins for Editor in 0.00 ms.
Unloading 5100 Unused Serialized files (Serialized files now loaded: 0)
Unloading 27 unused Assets / (307.2 KB). Loaded Objects now: 5841.
Memory consumption went from 211.5 MB to 211.2 MB.
Total: 9.876500 ms (FindLiveObjects: 2.189900 ms CreateObjectMapping: 0.880000 ms MarkObjects: 6.618100 ms  DeleteObjects: 0.186300 ms)

AssetImportParameters requested are different than current active one (requested -> active):
  custom:video-decoder-ogg-theora: a1e56fd34408186e4bbccfd4996cb3dc -> 
  custom:container-muxer-webm: aa71ff27fc2769a1b78a27578f13a17b -> 
  custom:container-demuxer-webm: 4f35f7cbe854078d1ac9338744f61a02 -> 
  custom:video-encoder-webm-vp8: eb34c28f22e8b96e1ab97ce403110664 -> 
  custom:CustomObjectIndexerAttribute: 6b0e35c9178b02a6363f3721b7b8e397 -> 
  custom:audio-encoder-webm-vorbis: bf7c407c2cedff20999df2af8eb42d56 -> 
  custom:framework-win-MediaFoundation: 216162199b28c13a410421893ffa2e32 -> 
  custom:SearchIndexIgnoredProperties: e643bd26f0fe6173181afceb89e7c659 -> 
  custom:container-demuxer-ogg: 62fdf1f143b41e24485cea50d1cbac27 -> 
  custom:video-decoder-webm-vp8: 9c59270c3fd7afecdb556c50c9e8de78 -> 
  custom:audio-decoder-ogg-vorbis: bf7c407c2cedff20999df2af8eb42d56 -> 
========================================================================
Received Import Request.
  Time since last request: 409.382083 seconds.
  path: Assets/Scenes/MainMenu.unity
  artifactKey: Guid(b26f2666527cce5499580ee5043ab559) Importer(815301076,1909f56bfc062723c751e8b465ee728b)
Number of updated assets reloaded before import = 0
Start importing Assets/Scenes/MainMenu.unity using Guid(b26f2666527cce5499580ee5043ab559) Importer(815301076,1909f56bfc062723c751e8b465ee728b)  -> (artifact id: 'b8eedac76a4ec2ceec518871fa4ef4a6') in 0.034108 seconds 
Number of asset objects unloaded after import = 0
========================================================================
Received Prepare
Registering precompiled user dll's ...
Registered in 0.020822 seconds.
Begin MonoManager ReloadAssembly
Native extension for WindowsStandalone target not found
Native extension for WebGL target not found
Refreshing native plugins compatible for Editor in 1.53 ms, found 3 plugins.
Preloading 0 native plugins for Editor in 0.00 ms.
[Package Manager] Server::EnsureServerProcessIsRunning -- launch failed, reason: Unity was launched with the -noUpm command-line argument
[Package Manager] Cannot connect to Unity Package Manager local server
Mono: successfully reloaded assembly
- Completed reload, in  8.641 seconds
Domain Reload Profiling:
	ReloadAssembly (8646ms)
		BeginReloadAssembly (645ms)
			ExecutionOrderSort (0ms)
			DisableScriptedObjects (18ms)
			BackupInstance (0ms)
			ReleaseScriptingObjects (0ms)
			CreateAndSetChildDomain (109ms)
		EndReloadAssembly (7501ms)
			LoadAssemblies (627ms)
			RebuildTransferFunctionScriptingTraits (0ms)
			SetupTypeCache (2119ms)
			ReleaseScriptCaches (5ms)
			RebuildScriptCaches (189ms)
			SetupLoadedEditorAssemblies (4487ms)
				LogAssemblyErrors (0ms)
				InitializePlatformSupportModulesInManaged (29ms)
				SetLoadedEditorAssemblies (1ms)
				RefreshPlugins (2ms)
				BeforeProcessingInitializeOnLoad (282ms)
				ProcessInitializeOnLoadAttributes (3314ms)
				ProcessInitializeOnLoadMethodAttributes (674ms)
				AfterProcessingInitializeOnLoad (184ms)
				EditorAssembliesLoaded (1ms)
			ExecutionOrderSort2 (0ms)
			AwakeInstancesAfterBackupRestoration (82ms)
Platform modules already initialized, skipping
Refreshing native plugins compatible for Editor in 15.71 ms, found 3 plugins.
Preloading 0 native plugins for Editor in 0.00 ms.
Unloading 5100 Unused Serialized files (Serialized files now loaded: 0)
Unloading 27 unused Assets / (307.2 KB). Loaded Objects now: 5844.
Memory consumption went from 211.5 MB to 211.2 MB.
Total: 30.762200 ms (FindLiveObjects: 10.828400 ms CreateObjectMapping: 3.620100 ms MarkObjects: 16.149800 ms  DeleteObjects: 0.160900 ms)

AssetImportParameters requested are different than current active one (requested -> active):
  custom:video-decoder-ogg-theora: a1e56fd34408186e4bbccfd4996cb3dc -> 
  custom:container-muxer-webm: aa71ff27fc2769a1b78a27578f13a17b -> 
  custom:container-demuxer-webm: 4f35f7cbe854078d1ac9338744f61a02 -> 
  custom:video-encoder-webm-vp8: eb34c28f22e8b96e1ab97ce403110664 -> 
  custom:CustomObjectIndexerAttribute: 6b0e35c9178b02a6363f3721b7b8e397 -> 
  custom:audio-encoder-webm-vorbis: bf7c407c2cedff20999df2af8eb42d56 -> 
  custom:framework-win-MediaFoundation: 216162199b28c13a410421893ffa2e32 -> 
  custom:SearchIndexIgnoredProperties: e643bd26f0fe6173181afceb89e7c659 -> 
  custom:container-demuxer-ogg: 62fdf1f143b41e24485cea50d1cbac27 -> 
  custom:video-decoder-webm-vp8: 9c59270c3fd7afecdb556c50c9e8de78 -> 
  custom:audio-decoder-ogg-vorbis: bf7c407c2cedff20999df2af8eb42d56 -> 
========================================================================
Received Import Request.
  Time since last request: 348.447645 seconds.
  path: Assets/Scenes/MainMenu.unity
  artifactKey: Guid(b26f2666527cce5499580ee5043ab559) Importer(815301076,1909f56bfc062723c751e8b465ee728b)
Number of updated assets reloaded before import = 0
Start importing Assets/Scenes/MainMenu.unity using Guid(b26f2666527cce5499580ee5043ab559) Importer(815301076,1909f56bfc062723c751e8b465ee728b)  -> (artifact id: '5c8ae3fd5fded9cfe5ac373c26771157') in 0.101251 seconds 
Number of asset objects unloaded after import = 0
========================================================================
Received Import Request.
  Time since last request: 133.982007 seconds.
  path: Assets/Scenes/MainMenu.unity
  artifactKey: Guid(b26f2666527cce5499580ee5043ab559) Importer(815301076,1909f56bfc062723c751e8b465ee728b)
Number of updated assets reloaded before import = 0
Start importing Assets/Scenes/MainMenu.unity using Guid(b26f2666527cce5499580ee5043ab559) Importer(815301076,1909f56bfc062723c751e8b465ee728b)  -> (artifact id: '0cc781acefb35f5809ee0dc30ac31088') in 0.010943 seconds 
Number of asset objects unloaded after import = 0
========================================================================
Received Prepare
Registering precompiled user dll's ...
Registered in 0.027602 seconds.
Begin MonoManager ReloadAssembly
Native extension for WindowsStandalone target not found
Native extension for WebGL target not found
Refreshing native plugins compatible for Editor in 3.03 ms, found 3 plugins.
Preloading 0 native plugins for Editor in 0.00 ms.
[Package Manager] Server::EnsureServerProcessIsRunning -- launch failed, reason: Unity was launched with the -noUpm command-line argument
[Package Manager] Cannot connect to Unity Package Manager local server
Mono: successfully reloaded assembly
- Completed reload, in  7.588 seconds
Domain Reload Profiling:
	ReloadAssembly (7590ms)
		BeginReloadAssembly (608ms)
			ExecutionOrderSort (0ms)
			DisableScriptedObjects (15ms)
			BackupInstance (0ms)
			ReleaseScriptingObjects (1ms)
			CreateAndSetChildDomain (112ms)
		EndReloadAssembly (6663ms)
			LoadAssemblies (413ms)
			RebuildTransferFunctionScriptingTraits (0ms)
			SetupTypeCache (1162ms)
			ReleaseScriptCaches (4ms)
			RebuildScriptCaches (435ms)
			SetupLoadedEditorAssemblies (3385ms)
				LogAssemblyErrors (0ms)
				InitializePlatformSupportModulesInManaged (46ms)
				SetLoadedEditorAssemblies (1ms)
				RefreshPlugins (3ms)
				BeforeProcessingInitializeOnLoad (308ms)
				ProcessInitializeOnLoadAttributes (2434ms)
				ProcessInitializeOnLoadMethodAttributes (534ms)
				AfterProcessingInitializeOnLoad (58ms)
				EditorAssembliesLoaded (1ms)
			ExecutionOrderSort2 (0ms)
			AwakeInstancesAfterBackupRestoration (36ms)
Platform modules already initialized, skipping
Refreshing native plugins compatible for Editor in 2.71 ms, found 3 plugins.
Preloading 0 native plugins for Editor in 0.00 ms.
Unloading 5100 Unused Serialized files (Serialized files now loaded: 0)
Unloading 27 unused Assets / (307.1 KB). Loaded Objects now: 5847.
Memory consumption went from 211.5 MB to 211.2 MB.
Total: 16.794400 ms (FindLiveObjects: 1.081100 ms CreateObjectMapping: 1.066200 ms MarkObjects: 14.430100 ms  DeleteObjects: 0.213900 ms)

AssetImportParameters requested are different than current active one (requested -> active):
  custom:video-decoder-ogg-theora: a1e56fd34408186e4bbccfd4996cb3dc -> 
  custom:container-muxer-webm: aa71ff27fc2769a1b78a27578f13a17b -> 
  custom:container-demuxer-webm: 4f35f7cbe854078d1ac9338744f61a02 -> 
  custom:video-encoder-webm-vp8: eb34c28f22e8b96e1ab97ce403110664 -> 
  custom:CustomObjectIndexerAttribute: 6b0e35c9178b02a6363f3721b7b8e397 -> 
  custom:audio-encoder-webm-vorbis: bf7c407c2cedff20999df2af8eb42d56 -> 
  custom:framework-win-MediaFoundation: 216162199b28c13a410421893ffa2e32 -> 
  custom:SearchIndexIgnoredProperties: e643bd26f0fe6173181afceb89e7c659 -> 
  custom:container-demuxer-ogg: 62fdf1f143b41e24485cea50d1cbac27 -> 
  custom:video-decoder-webm-vp8: 9c59270c3fd7afecdb556c50c9e8de78 -> 
  custom:audio-decoder-ogg-vorbis: bf7c407c2cedff20999df2af8eb42d56 -> 
========================================================================
Received Prepare
Registering precompiled user dll's ...
Registered in 0.037226 seconds.
Begin MonoManager ReloadAssembly
Native extension for WindowsStandalone target not found
Native extension for WebGL target not found
Refreshing native plugins compatible for Editor in 5.87 ms, found 3 plugins.
Preloading 0 native plugins for Editor in 0.00 ms.
[Package Manager] Server::EnsureServerProcessIsRunning -- launch failed, reason: Unity was launched with the -noUpm command-line argument
[Package Manager] Cannot connect to Unity Package Manager local server
Mono: successfully reloaded assembly
- Completed reload, in 13.176 seconds
Domain Reload Profiling:
	ReloadAssembly (13182ms)
		BeginReloadAssembly (1287ms)
			ExecutionOrderSort (0ms)
			DisableScriptedObjects (46ms)
			BackupInstance (0ms)
			ReleaseScriptingObjects (1ms)
			CreateAndSetChildDomain (388ms)
		EndReloadAssembly (10947ms)
			LoadAssemblies (844ms)
			RebuildTransferFunctionScriptingTraits (0ms)
			SetupTypeCache (3149ms)
			ReleaseScriptCaches (8ms)
			RebuildScriptCaches (316ms)
			SetupLoadedEditorAssemblies (5864ms)
				LogAssemblyErrors (0ms)
				InitializePlatformSupportModulesInManaged (213ms)
				SetLoadedEditorAssemblies (2ms)
				RefreshPlugins (6ms)
				BeforeProcessingInitializeOnLoad (475ms)
				ProcessInitializeOnLoadAttributes (3972ms)
				ProcessInitializeOnLoadMethodAttributes (956ms)
				AfterProcessingInitializeOnLoad (237ms)
				EditorAssembliesLoaded (1ms)
			ExecutionOrderSort2 (0ms)
			AwakeInstancesAfterBackupRestoration (238ms)
Platform modules already initialized, skipping
Refreshing native plugins compatible for Editor in 3.68 ms, found 3 plugins.
Preloading 0 native plugins for Editor in 0.00 ms.
Unloading 5100 Unused Serialized files (Serialized files now loaded: 0)
Unloading 27 unused Assets / (307.3 KB). Loaded Objects now: 5850.
Memory consumption went from 211.4 MB to 211.1 MB.
Total: 22.507200 ms (FindLiveObjects: 4.484300 ms CreateObjectMapping: 1.276000 ms MarkObjects: 16.504900 ms  DeleteObjects: 0.234400 ms)

AssetImportParameters requested are different than current active one (requested -> active):
  custom:video-decoder-ogg-theora: a1e56fd34408186e4bbccfd4996cb3dc -> 
  custom:container-muxer-webm: aa71ff27fc2769a1b78a27578f13a17b -> 
  custom:container-demuxer-webm: 4f35f7cbe854078d1ac9338744f61a02 -> 
  custom:video-encoder-webm-vp8: eb34c28f22e8b96e1ab97ce403110664 -> 
  custom:CustomObjectIndexerAttribute: 6b0e35c9178b02a6363f3721b7b8e397 -> 
  custom:audio-encoder-webm-vorbis: bf7c407c2cedff20999df2af8eb42d56 -> 
  custom:framework-win-MediaFoundation: 216162199b28c13a410421893ffa2e32 -> 
  custom:SearchIndexIgnoredProperties: e643bd26f0fe6173181afceb89e7c659 -> 
  custom:container-demuxer-ogg: 62fdf1f143b41e24485cea50d1cbac27 -> 
  custom:video-decoder-webm-vp8: 9c59270c3fd7afecdb556c50c9e8de78 -> 
  custom:audio-decoder-ogg-vorbis: bf7c407c2cedff20999df2af8eb42d56 -> 
========================================================================
Received Prepare
Registering precompiled user dll's ...
Registered in 0.023144 seconds.
Begin MonoManager ReloadAssembly
Native extension for WindowsStandalone target not found
Native extension for WebGL target not found
Refreshing native plugins compatible for Editor in 4.53 ms, found 3 plugins.
Preloading 0 native plugins for Editor in 0.00 ms.
[Package Manager] Server::EnsureServerProcessIsRunning -- launch failed, reason: Unity was launched with the -noUpm command-line argument
[Package Manager] Cannot connect to Unity Package Manager local server
Mono: successfully reloaded assembly
- Completed reload, in 12.255 seconds
Domain Reload Profiling:
	ReloadAssembly (12263ms)
		BeginReloadAssembly (1535ms)
			ExecutionOrderSort (0ms)
			DisableScriptedObjects (71ms)
			BackupInstance (0ms)
			ReleaseScriptingObjects (1ms)
			CreateAndSetChildDomain (245ms)
		EndReloadAssembly (10127ms)
			LoadAssemblies (1103ms)
			RebuildTransferFunctionScriptingTraits (0ms)
			SetupTypeCache (2122ms)
			ReleaseScriptCaches (7ms)
			RebuildScriptCaches (635ms)
			SetupLoadedEditorAssemblies (6440ms)
				LogAssemblyErrors (0ms)
				InitializePlatformSupportModulesInManaged (92ms)
				SetLoadedEditorAssemblies (2ms)
				RefreshPlugins (5ms)
				BeforeProcessingInitializeOnLoad (709ms)
				ProcessInitializeOnLoadAttributes (4709ms)
				ProcessInitializeOnLoadMethodAttributes (848ms)
				AfterProcessingInitializeOnLoad (75ms)
				EditorAssembliesLoaded (1ms)
			ExecutionOrderSort2 (0ms)
			AwakeInstancesAfterBackupRestoration (74ms)
Platform modules already initialized, skipping
Refreshing native plugins compatible for Editor in 4.55 ms, found 3 plugins.
Preloading 0 native plugins for Editor in 0.00 ms.
Unloading 5100 Unused Serialized files (Serialized files now loaded: 0)
Unloading 27 unused Assets / (307.2 KB). Loaded Objects now: 5853.
Memory consumption went from 211.6 MB to 211.3 MB.
Total: 18.058900 ms (FindLiveObjects: 2.086200 ms CreateObjectMapping: 1.065200 ms MarkObjects: 14.701500 ms  DeleteObjects: 0.203200 ms)

AssetImportParameters requested are different than current active one (requested -> active):
  custom:video-decoder-ogg-theora: a1e56fd34408186e4bbccfd4996cb3dc -> 
  custom:container-muxer-webm: aa71ff27fc2769a1b78a27578f13a17b -> 
  custom:container-demuxer-webm: 4f35f7cbe854078d1ac9338744f61a02 -> 
  custom:video-encoder-webm-vp8: eb34c28f22e8b96e1ab97ce403110664 -> 
  custom:CustomObjectIndexerAttribute: 6b0e35c9178b02a6363f3721b7b8e397 -> 
  custom:audio-encoder-webm-vorbis: bf7c407c2cedff20999df2af8eb42d56 -> 
  custom:framework-win-MediaFoundation: 216162199b28c13a410421893ffa2e32 -> 
  custom:SearchIndexIgnoredProperties: e643bd26f0fe6173181afceb89e7c659 -> 
  custom:container-demuxer-ogg: 62fdf1f143b41e24485cea50d1cbac27 -> 
  custom:video-decoder-webm-vp8: 9c59270c3fd7afecdb556c50c9e8de78 -> 
  custom:audio-decoder-ogg-vorbis: bf7c407c2cedff20999df2af8eb42d56 -> 
========================================================================
Received Prepare
Registering precompiled user dll's ...
Registered in 0.064779 seconds.
Begin MonoManager ReloadAssembly
Native extension for WindowsStandalone target not found
Native extension for WebGL target not found
Refreshing native plugins compatible for Editor in 1.63 ms, found 3 plugins.
Preloading 0 native plugins for Editor in 0.00 ms.
[Package Manager] Server::EnsureServerProcessIsRunning -- launch failed, reason: Unity was launched with the -noUpm command-line argument
[Package Manager] Cannot connect to Unity Package Manager local server
Mono: successfully reloaded assembly
- Completed reload, in  6.139 seconds
Domain Reload Profiling:
	ReloadAssembly (6141ms)
		BeginReloadAssembly (530ms)
			ExecutionOrderSort (0ms)
			DisableScriptedObjects (14ms)
			BackupInstance (0ms)
			ReleaseScriptingObjects (0ms)
			CreateAndSetChildDomain (90ms)
		EndReloadAssembly (5181ms)
			LoadAssemblies (433ms)
			RebuildTransferFunctionScriptingTraits (0ms)
			SetupTypeCache (1384ms)
			ReleaseScriptCaches (5ms)
			RebuildScriptCaches (319ms)
			SetupLoadedEditorAssemblies (3015ms)
				LogAssemblyErrors (0ms)
				InitializePlatformSupportModulesInManaged (26ms)
				SetLoadedEditorAssemblies (1ms)
				RefreshPlugins (2ms)
				BeforeProcessingInitializeOnLoad (210ms)
				ProcessInitializeOnLoadAttributes (2368ms)
				ProcessInitializeOnLoadMethodAttributes (352ms)
				AfterProcessingInitializeOnLoad (55ms)
				EditorAssembliesLoaded (0ms)
			ExecutionOrderSort2 (0ms)
			AwakeInstancesAfterBackupRestoration (55ms)
Platform modules already initialized, skipping
Refreshing native plugins compatible for Editor in 3.20 ms, found 3 plugins.
Preloading 0 native plugins for Editor in 0.00 ms.
Unloading 5100 Unused Serialized files (Serialized files now loaded: 0)
Unloading 27 unused Assets / (307.3 KB). Loaded Objects now: 5856.
Memory consumption went from 211.6 MB to 211.3 MB.
Total: 9.607600 ms (FindLiveObjects: 0.791100 ms CreateObjectMapping: 0.873800 ms MarkObjects: 7.818300 ms  DeleteObjects: 0.122600 ms)

AssetImportParameters requested are different than current active one (requested -> active):
  custom:video-decoder-ogg-theora: a1e56fd34408186e4bbccfd4996cb3dc -> 
  custom:container-muxer-webm: aa71ff27fc2769a1b78a27578f13a17b -> 
  custom:container-demuxer-webm: 4f35f7cbe854078d1ac9338744f61a02 -> 
  custom:video-encoder-webm-vp8: eb34c28f22e8b96e1ab97ce403110664 -> 
  custom:CustomObjectIndexerAttribute: 6b0e35c9178b02a6363f3721b7b8e397 -> 
  custom:audio-encoder-webm-vorbis: bf7c407c2cedff20999df2af8eb42d56 -> 
  custom:framework-win-MediaFoundation: 216162199b28c13a410421893ffa2e32 -> 
  custom:SearchIndexIgnoredProperties: e643bd26f0fe6173181afceb89e7c659 -> 
  custom:container-demuxer-ogg: 62fdf1f143b41e24485cea50d1cbac27 -> 
  custom:video-decoder-webm-vp8: 9c59270c3fd7afecdb556c50c9e8de78 -> 
  custom:audio-decoder-ogg-vorbis: bf7c407c2cedff20999df2af8eb42d56 -> 
========================================================================
Received Import Request.
  Time since last request: 343.037830 seconds.
  path: Assets/Scenes/_System.unity
  artifactKey: Guid(65515906f45a3214fb71581af6883ce6) Importer(815301076,1909f56bfc062723c751e8b465ee728b)
Number of updated assets reloaded before import = 0
Start importing Assets/Scenes/_System.unity using Guid(65515906f45a3214fb71581af6883ce6) Importer(815301076,1909f56bfc062723c751e8b465ee728b)  -> (artifact id: '31f2389f066a9fae3dcd9db380314167') in 0.033306 seconds 
Number of asset objects unloaded after import = 0
========================================================================
Received Import Request.
  Time since last request: 220.275013 seconds.
  path: Assets/Scenes/_System.unity
  artifactKey: Guid(65515906f45a3214fb71581af6883ce6) Importer(815301076,1909f56bfc062723c751e8b465ee728b)
Number of updated assets reloaded before import = 0
Start importing Assets/Scenes/_System.unity using Guid(65515906f45a3214fb71581af6883ce6) Importer(815301076,1909f56bfc062723c751e8b465ee728b)  -> (artifact id: 'f865fafcef64cd629d7d0deab1a97852') in 0.007251 seconds 
Number of asset objects unloaded after import = 0
========================================================================
Received Import Request.
  Time since last request: 43.112345 seconds.
  path: Assets/Scenes/MainMenu.unity
  artifactKey: Guid(b26f2666527cce5499580ee5043ab559) Importer(815301076,1909f56bfc062723c751e8b465ee728b)
Number of updated assets reloaded before import = 0
Start importing Assets/Scenes/MainMenu.unity using Guid(b26f2666527cce5499580ee5043ab559) Importer(815301076,1909f56bfc062723c751e8b465ee728b)  -> (artifact id: '43967a4614c7294c64a91ad9624b9914') in 0.009753 seconds 
Number of asset objects unloaded after import = 0
========================================================================
Received Prepare
Registering precompiled user dll's ...
Registered in 0.030635 seconds.
Begin MonoManager ReloadAssembly
Native extension for WindowsStandalone target not found
Native extension for WebGL target not found
Refreshing native plugins compatible for Editor in 2.12 ms, found 3 plugins.
Preloading 0 native plugins for Editor in 0.00 ms.
[Package Manager] Server::EnsureServerProcessIsRunning -- launch failed, reason: Unity was launched with the -noUpm command-line argument
[Package Manager] Cannot connect to Unity Package Manager local server
Mono: successfully reloaded assembly
- Completed reload, in  9.908 seconds
Domain Reload Profiling:
	ReloadAssembly (9913ms)
		BeginReloadAssembly (1240ms)
			ExecutionOrderSort (0ms)
			DisableScriptedObjects (28ms)
			BackupInstance (0ms)
			ReleaseScriptingObjects (0ms)
			CreateAndSetChildDomain (338ms)
		EndReloadAssembly (7824ms)
			LoadAssemblies (891ms)
			RebuildTransferFunctionScriptingTraits (0ms)
			SetupTypeCache (2088ms)
			ReleaseScriptCaches (3ms)
			RebuildScriptCaches (150ms)
			SetupLoadedEditorAssemblies (4835ms)
				LogAssemblyErrors (0ms)
				InitializePlatformSupportModulesInManaged (65ms)
				SetLoadedEditorAssemblies (3ms)
				RefreshPlugins (4ms)
				BeforeProcessingInitializeOnLoad (716ms)
				ProcessInitializeOnLoadAttributes (3296ms)
				ProcessInitializeOnLoadMethodAttributes (647ms)
				AfterProcessingInitializeOnLoad (102ms)
				EditorAssembliesLoaded (1ms)
			ExecutionOrderSort2 (0ms)
			AwakeInstancesAfterBackupRestoration (64ms)
Platform modules already initialized, skipping
Refreshing native plugins compatible for Editor in 4.53 ms, found 3 plugins.
Preloading 0 native plugins for Editor in 0.00 ms.
Unloading 5100 Unused Serialized files (Serialized files now loaded: 0)
Unloading 27 unused Assets / (307.2 KB). Loaded Objects now: 5859.
Memory consumption went from 211.6 MB to 211.3 MB.
Total: 15.695400 ms (FindLiveObjects: 1.199000 ms CreateObjectMapping: 1.197000 ms MarkObjects: 13.165500 ms  DeleteObjects: 0.131600 ms)

AssetImportParameters requested are different than current active one (requested -> active):
  custom:video-decoder-ogg-theora: a1e56fd34408186e4bbccfd4996cb3dc -> 
  custom:container-muxer-webm: aa71ff27fc2769a1b78a27578f13a17b -> 
  custom:container-demuxer-webm: 4f35f7cbe854078d1ac9338744f61a02 -> 
  custom:video-encoder-webm-vp8: eb34c28f22e8b96e1ab97ce403110664 -> 
  custom:CustomObjectIndexerAttribute: 6b0e35c9178b02a6363f3721b7b8e397 -> 
  custom:audio-encoder-webm-vorbis: bf7c407c2cedff20999df2af8eb42d56 -> 
  custom:framework-win-MediaFoundation: 216162199b28c13a410421893ffa2e32 -> 
  custom:SearchIndexIgnoredProperties: e643bd26f0fe6173181afceb89e7c659 -> 
  custom:container-demuxer-ogg: 62fdf1f143b41e24485cea50d1cbac27 -> 
  custom:video-decoder-webm-vp8: 9c59270c3fd7afecdb556c50c9e8de78 -> 
  custom:audio-decoder-ogg-vorbis: bf7c407c2cedff20999df2af8eb42d56 -> 
========================================================================
Received Import Request.
  Time since last request: 154.680212 seconds.
  path: Assets/Scripts/System
  artifactKey: Guid(391ef1491f3089241a5b332148751acd) Importer(815301076,1909f56bfc062723c751e8b465ee728b)
Number of updated assets reloaded before import = 0
Start importing Assets/Scripts/System using Guid(391ef1491f3089241a5b332148751acd) Importer(815301076,1909f56bfc062723c751e8b465ee728b)  -> (artifact id: 'ef37b07bca44bf8c412ec5b738dbe675') in 0.103240 seconds 
Number of asset objects unloaded after import = 0
========================================================================
Received Import Request.
  Time since last request: 13.469613 seconds.
  path: Assets/Scripts/System/Bootstrap.cs
  artifactKey: Guid(ee4a26f02317c3b4293bbb0e1d27be53) Importer(815301076,1909f56bfc062723c751e8b465ee728b)
Number of updated assets reloaded before import = 0
Start importing Assets/Scripts/System/Bootstrap.cs using Guid(ee4a26f02317c3b4293bbb0e1d27be53) Importer(815301076,1909f56bfc062723c751e8b465ee728b)  -> (artifact id: '0a60a1bee943894da8d154c365339e76') in 1.149135 seconds 
Number of asset objects unloaded after import = 0
========================================================================
Received Prepare
Registering precompiled user dll's ...
Registered in 0.032461 seconds.
Begin MonoManager ReloadAssembly
Native extension for WindowsStandalone target not found
Native extension for WebGL target not found
Refreshing native plugins compatible for Editor in 3.05 ms, found 3 plugins.
Preloading 0 native plugins for Editor in 0.00 ms.
[Package Manager] Server::EnsureServerProcessIsRunning -- launch failed, reason: Unity was launched with the -noUpm command-line argument
[Package Manager] Cannot connect to Unity Package Manager local server
Mono: successfully reloaded assembly
- Completed reload, in  4.366 seconds
Domain Reload Profiling:
	ReloadAssembly (4368ms)
		BeginReloadAssembly (501ms)
			ExecutionOrderSort (0ms)
			DisableScriptedObjects (13ms)
			BackupInstance (0ms)
			ReleaseScriptingObjects (0ms)
			CreateAndSetChildDomain (90ms)
		EndReloadAssembly (3565ms)
			LoadAssemblies (403ms)
			RebuildTransferFunctionScriptingTraits (0ms)
			SetupTypeCache (865ms)
			ReleaseScriptCaches (4ms)
			RebuildScriptCaches (115ms)
			SetupLoadedEditorAssemblies (2175ms)
				LogAssemblyErrors (0ms)
				InitializePlatformSupportModulesInManaged (33ms)
				SetLoadedEditorAssemblies (1ms)
				RefreshPlugins (3ms)
				BeforeProcessingInitializeOnLoad (243ms)
				ProcessInitializeOnLoadAttributes (1628ms)
				ProcessInitializeOnLoadMethodAttributes (199ms)
				AfterProcessingInitializeOnLoad (66ms)
				EditorAssembliesLoaded (1ms)
			ExecutionOrderSort2 (0ms)
			AwakeInstancesAfterBackupRestoration (44ms)
Platform modules already initialized, skipping
Refreshing native plugins compatible for Editor in 2.45 ms, found 3 plugins.
Preloading 0 native plugins for Editor in 0.00 ms.
Unloading 5101 Unused Serialized files (Serialized files now loaded: 0)
Unloading 27 unused Assets / (307.2 KB). Loaded Objects now: 5863.
Memory consumption went from 211.6 MB to 211.3 MB.
Total: 17.857000 ms (FindLiveObjects: 2.547800 ms CreateObjectMapping: 2.590200 ms MarkObjects: 12.589800 ms  DeleteObjects: 0.126900 ms)

AssetImportParameters requested are different than current active one (requested -> active):
  custom:video-decoder-ogg-theora: a1e56fd34408186e4bbccfd4996cb3dc -> 
  custom:container-muxer-webm: aa71ff27fc2769a1b78a27578f13a17b -> 
  custom:container-demuxer-webm: 4f35f7cbe854078d1ac9338744f61a02 -> 
  custom:video-encoder-webm-vp8: eb34c28f22e8b96e1ab97ce403110664 -> 
  custom:CustomObjectIndexerAttribute: 6b0e35c9178b02a6363f3721b7b8e397 -> 
  custom:audio-encoder-webm-vorbis: bf7c407c2cedff20999df2af8eb42d56 -> 
  custom:framework-win-MediaFoundation: 216162199b28c13a410421893ffa2e32 -> 
  custom:SearchIndexIgnoredProperties: e643bd26f0fe6173181afceb89e7c659 -> 
  custom:container-demuxer-ogg: 62fdf1f143b41e24485cea50d1cbac27 -> 
  custom:video-decoder-webm-vp8: 9c59270c3fd7afecdb556c50c9e8de78 -> 
  custom:audio-decoder-ogg-vorbis: bf7c407c2cedff20999df2af8eb42d56 -> 
========================================================================
Received Import Request.
  Time since last request: 415.402197 seconds.
  path: Assets/Scripts/System/Bootstrap.cs
  artifactKey: Guid(ee4a26f02317c3b4293bbb0e1d27be53) Importer(815301076,1909f56bfc062723c751e8b465ee728b)
Number of updated assets reloaded before import = 0
Start importing Assets/Scripts/System/Bootstrap.cs using Guid(ee4a26f02317c3b4293bbb0e1d27be53) Importer(815301076,1909f56bfc062723c751e8b465ee728b)  -> (artifact id: '92a8ee3a189dfb12de8a8b0212142e42') in 0.263538 seconds 
Number of asset objects unloaded after import = 0
========================================================================
Received Prepare
Registering precompiled user dll's ...
Registered in 0.027627 seconds.
Begin MonoManager ReloadAssembly
Native extension for WindowsStandalone target not found
Native extension for WebGL target not found
Refreshing native plugins compatible for Editor in 2.89 ms, found 3 plugins.
Preloading 0 native plugins for Editor in 0.00 ms.
[Package Manager] Server::EnsureServerProcessIsRunning -- launch failed, reason: Unity was launched with the -noUpm command-line argument
[Package Manager] Cannot connect to Unity Package Manager local server
Mono: successfully reloaded assembly
- Completed reload, in  9.842 seconds
Domain Reload Profiling:
	ReloadAssembly (9844ms)
		BeginReloadAssembly (1171ms)
			ExecutionOrderSort (0ms)
			DisableScriptedObjects (19ms)
			BackupInstance (0ms)
			ReleaseScriptingObjects (0ms)
			CreateAndSetChildDomain (148ms)
		EndReloadAssembly (7954ms)
			LoadAssemblies (1153ms)
			RebuildTransferFunctionScriptingTraits (0ms)
			SetupTypeCache (2541ms)
			ReleaseScriptCaches (5ms)
			RebuildScriptCaches (257ms)
			SetupLoadedEditorAssemblies (4394ms)
				LogAssemblyErrors (0ms)
				InitializePlatformSupportModulesInManaged (50ms)
				SetLoadedEditorAssemblies (2ms)
				RefreshPlugins (3ms)
				BeforeProcessingInitializeOnLoad (973ms)
				ProcessInitializeOnLoadAttributes (2383ms)
				ProcessInitializeOnLoadMethodAttributes (767ms)
				AfterProcessingInitializeOnLoad (215ms)
				EditorAssembliesLoaded (1ms)
			ExecutionOrderSort2 (0ms)
			AwakeInstancesAfterBackupRestoration (51ms)
Platform modules already initialized, skipping
Refreshing native plugins compatible for Editor in 12.17 ms, found 3 plugins.
Preloading 0 native plugins for Editor in 0.00 ms.
Unloading 5101 Unused Serialized files (Serialized files now loaded: 0)
Unloading 27 unused Assets / (307.2 KB). Loaded Objects now: 5866.
Memory consumption went from 211.4 MB to 211.1 MB.
Total: 32.489100 ms (FindLiveObjects: 3.483100 ms CreateObjectMapping: 1.082200 ms MarkObjects: 27.708000 ms  DeleteObjects: 0.212700 ms)

AssetImportParameters requested are different than current active one (requested -> active):
  custom:video-decoder-ogg-theora: a1e56fd34408186e4bbccfd4996cb3dc -> 
  custom:container-muxer-webm: aa71ff27fc2769a1b78a27578f13a17b -> 
  custom:container-demuxer-webm: 4f35f7cbe854078d1ac9338744f61a02 -> 
  custom:video-encoder-webm-vp8: eb34c28f22e8b96e1ab97ce403110664 -> 
  custom:CustomObjectIndexerAttribute: 6b0e35c9178b02a6363f3721b7b8e397 -> 
  custom:audio-encoder-webm-vorbis: bf7c407c2cedff20999df2af8eb42d56 -> 
  custom:framework-win-MediaFoundation: 216162199b28c13a410421893ffa2e32 -> 
  custom:SearchIndexIgnoredProperties: e643bd26f0fe6173181afceb89e7c659 -> 
  custom:container-demuxer-ogg: 62fdf1f143b41e24485cea50d1cbac27 -> 
  custom:video-decoder-webm-vp8: 9c59270c3fd7afecdb556c50c9e8de78 -> 
  custom:audio-decoder-ogg-vorbis: bf7c407c2cedff20999df2af8eb42d56 -> 
========================================================================
Received Prepare
Registering precompiled user dll's ...
Registered in 0.026832 seconds.
Begin MonoManager ReloadAssembly
Native extension for WindowsStandalone target not found
Native extension for WebGL target not found
Refreshing native plugins compatible for Editor in 4.49 ms, found 3 plugins.
Preloading 0 native plugins for Editor in 0.00 ms.
[Package Manager] Server::EnsureServerProcessIsRunning -- launch failed, reason: Unity was launched with the -noUpm command-line argument
[Package Manager] Cannot connect to Unity Package Manager local server
Mono: successfully reloaded assembly
- Completed reload, in 10.686 seconds
Domain Reload Profiling:
	ReloadAssembly (10689ms)
		BeginReloadAssembly (1434ms)
			ExecutionOrderSort (0ms)
			DisableScriptedObjects (31ms)
			BackupInstance (0ms)
			ReleaseScriptingObjects (0ms)
			CreateAndSetChildDomain (190ms)
		EndReloadAssembly (8219ms)
			LoadAssemblies (1209ms)
			RebuildTransferFunctionScriptingTraits (0ms)
			SetupTypeCache (2667ms)
			ReleaseScriptCaches (6ms)
			RebuildScriptCaches (305ms)
			SetupLoadedEditorAssemblies (4131ms)
				LogAssemblyErrors (1ms)
				InitializePlatformSupportModulesInManaged (58ms)
				SetLoadedEditorAssemblies (5ms)
				RefreshPlugins (5ms)
				BeforeProcessingInitializeOnLoad (466ms)
				ProcessInitializeOnLoadAttributes (3049ms)
				ProcessInitializeOnLoadMethodAttributes (458ms)
				AfterProcessingInitializeOnLoad (91ms)
				EditorAssembliesLoaded (1ms)
			ExecutionOrderSort2 (0ms)
			AwakeInstancesAfterBackupRestoration (62ms)
Platform modules already initialized, skipping
Refreshing native plugins compatible for Editor in 13.33 ms, found 3 plugins.
Preloading 0 native plugins for Editor in 0.00 ms.
Unloading 5101 Unused Serialized files (Serialized files now loaded: 0)
Unloading 27 unused Assets / (307.2 KB). Loaded Objects now: 5869.
Memory consumption went from 211.6 MB to 211.3 MB.
Total: 44.779800 ms (FindLiveObjects: 3.429700 ms CreateObjectMapping: 25.126700 ms MarkObjects: 16.010400 ms  DeleteObjects: 0.210200 ms)

AssetImportParameters requested are different than current active one (requested -> active):
  custom:video-decoder-ogg-theora: a1e56fd34408186e4bbccfd4996cb3dc -> 
  custom:container-muxer-webm: aa71ff27fc2769a1b78a27578f13a17b -> 
  custom:container-demuxer-webm: 4f35f7cbe854078d1ac9338744f61a02 -> 
  custom:video-encoder-webm-vp8: eb34c28f22e8b96e1ab97ce403110664 -> 
  custom:CustomObjectIndexerAttribute: 6b0e35c9178b02a6363f3721b7b8e397 -> 
  custom:audio-encoder-webm-vorbis: bf7c407c2cedff20999df2af8eb42d56 -> 
  custom:framework-win-MediaFoundation: 216162199b28c13a410421893ffa2e32 -> 
  custom:SearchIndexIgnoredProperties: e643bd26f0fe6173181afceb89e7c659 -> 
  custom:container-demuxer-ogg: 62fdf1f143b41e24485cea50d1cbac27 -> 
  custom:video-decoder-webm-vp8: 9c59270c3fd7afecdb556c50c9e8de78 -> 
  custom:audio-decoder-ogg-vorbis: bf7c407c2cedff20999df2af8eb42d56 -> 
========================================================================
Received Import Request.
  Time since last request: 519.669605 seconds.
  path: Assets/Scenes/MainMenu.unity
  artifactKey: Guid(b26f2666527cce5499580ee5043ab559) Importer(815301076,1909f56bfc062723c751e8b465ee728b)
Number of updated assets reloaded before import = 0
Start importing Assets/Scenes/MainMenu.unity using Guid(b26f2666527cce5499580ee5043ab559) Importer(815301076,1909f56bfc062723c751e8b465ee728b)  -> (artifact id: '4d2ba02c72b92c1a928d44b108b59184') in 0.037157 seconds 
Number of asset objects unloaded after import = 0
========================================================================
Received Prepare
Registering precompiled user dll's ...
Registered in 0.054801 seconds.
Begin MonoManager ReloadAssembly
Native extension for WindowsStandalone target not found
Native extension for WebGL target not found
Refreshing native plugins compatible for Editor in 2.54 ms, found 3 plugins.
Preloading 0 native plugins for Editor in 0.00 ms.
[Package Manager] Server::EnsureServerProcessIsRunning -- launch failed, reason: Unity was launched with the -noUpm command-line argument
[Package Manager] Cannot connect to Unity Package Manager local server
Mono: successfully reloaded assembly
- Completed reload, in  8.025 seconds
Domain Reload Profiling:
	ReloadAssembly (8027ms)
		BeginReloadAssembly (1299ms)
			ExecutionOrderSort (0ms)
			DisableScriptedObjects (44ms)
			BackupInstance (0ms)
			ReleaseScriptingObjects (1ms)
			CreateAndSetChildDomain (227ms)
		EndReloadAssembly (6027ms)
			LoadAssemblies (977ms)
			RebuildTransferFunctionScriptingTraits (0ms)
			SetupTypeCache (1590ms)
			ReleaseScriptCaches (5ms)
			RebuildScriptCaches (157ms)
			SetupLoadedEditorAssemblies (3634ms)
				LogAssemblyErrors (0ms)
				InitializePlatformSupportModulesInManaged (40ms)
				SetLoadedEditorAssemblies (4ms)
				RefreshPlugins (3ms)
				BeforeProcessingInitializeOnLoad (453ms)
				ProcessInitializeOnLoadAttributes (2811ms)
				ProcessInitializeOnLoadMethodAttributes (263ms)
				AfterProcessingInitializeOnLoad (59ms)
				EditorAssembliesLoaded (1ms)
			ExecutionOrderSort2 (0ms)
			AwakeInstancesAfterBackupRestoration (185ms)
Platform modules already initialized, skipping
Refreshing native plugins compatible for Editor in 2.98 ms, found 3 plugins.
Preloading 0 native plugins for Editor in 0.00 ms.
Unloading 5101 Unused Serialized files (Serialized files now loaded: 0)
Unloading 27 unused Assets / (306.8 KB). Loaded Objects now: 5872.
Memory consumption went from 211.6 MB to 211.3 MB.
Total: 28.279200 ms (FindLiveObjects: 1.257000 ms CreateObjectMapping: 1.466800 ms MarkObjects: 25.357400 ms  DeleteObjects: 0.194900 ms)

AssetImportParameters requested are different than current active one (requested -> active):
  custom:video-decoder-ogg-theora: a1e56fd34408186e4bbccfd4996cb3dc -> 
  custom:container-muxer-webm: aa71ff27fc2769a1b78a27578f13a17b -> 
  custom:container-demuxer-webm: 4f35f7cbe854078d1ac9338744f61a02 -> 
  custom:video-encoder-webm-vp8: eb34c28f22e8b96e1ab97ce403110664 -> 
  custom:CustomObjectIndexerAttribute: 6b0e35c9178b02a6363f3721b7b8e397 -> 
  custom:audio-encoder-webm-vorbis: bf7c407c2cedff20999df2af8eb42d56 -> 
  custom:framework-win-MediaFoundation: 216162199b28c13a410421893ffa2e32 -> 
  custom:SearchIndexIgnoredProperties: e643bd26f0fe6173181afceb89e7c659 -> 
  custom:container-demuxer-ogg: 62fdf1f143b41e24485cea50d1cbac27 -> 
  custom:video-decoder-webm-vp8: 9c59270c3fd7afecdb556c50c9e8de78 -> 
  custom:audio-decoder-ogg-vorbis: bf7c407c2cedff20999df2af8eb42d56 -> 
========================================================================
Received Prepare
Registering precompiled user dll's ...
Registered in 0.030329 seconds.
Begin MonoManager ReloadAssembly
Native extension for WindowsStandalone target not found
Native extension for WebGL target not found
Refreshing native plugins compatible for Editor in 3.80 ms, found 3 plugins.
Preloading 0 native plugins for Editor in 0.00 ms.
[Package Manager] Server::EnsureServerProcessIsRunning -- launch failed, reason: Unity was launched with the -noUpm command-line argument
[Package Manager] Cannot connect to Unity Package Manager local server
Mono: successfully reloaded assembly
- Completed reload, in 13.315 seconds
Domain Reload Profiling:
	ReloadAssembly (13319ms)
		BeginReloadAssembly (1218ms)
			ExecutionOrderSort (0ms)
			DisableScriptedObjects (21ms)
			BackupInstance (0ms)
			ReleaseScriptingObjects (0ms)
			CreateAndSetChildDomain (183ms)
		EndReloadAssembly (11136ms)
			LoadAssemblies (1048ms)
			RebuildTransferFunctionScriptingTraits (0ms)
			SetupTypeCache (2924ms)
			ReleaseScriptCaches (8ms)
			RebuildScriptCaches (564ms)
			SetupLoadedEditorAssemblies (6449ms)
				LogAssemblyErrors (0ms)
				InitializePlatformSupportModulesInManaged (61ms)
				SetLoadedEditorAssemblies (3ms)
				RefreshPlugins (4ms)
				BeforeProcessingInitializeOnLoad (763ms)
				ProcessInitializeOnLoadAttributes (4910ms)
				ProcessInitializeOnLoadMethodAttributes (589ms)
				AfterProcessingInitializeOnLoad (117ms)
				EditorAssembliesLoaded (2ms)
			ExecutionOrderSort2 (0ms)
			AwakeInstancesAfterBackupRestoration (132ms)
Platform modules already initialized, skipping
Refreshing native plugins compatible for Editor in 3.07 ms, found 3 plugins.
Preloading 0 native plugins for Editor in 0.00 ms.
Unloading 5101 Unused Serialized files (Serialized files now loaded: 0)
Unloading 27 unused Assets / (307.8 KB). Loaded Objects now: 5875.
Memory consumption went from 211.6 MB to 211.3 MB.
Total: 25.555800 ms (FindLiveObjects: 1.411900 ms CreateObjectMapping: 3.335300 ms MarkObjects: 20.637100 ms  DeleteObjects: 0.169100 ms)

AssetImportParameters requested are different than current active one (requested -> active):
  custom:video-decoder-ogg-theora: a1e56fd34408186e4bbccfd4996cb3dc -> 
  custom:container-muxer-webm: aa71ff27fc2769a1b78a27578f13a17b -> 
  custom:container-demuxer-webm: 4f35f7cbe854078d1ac9338744f61a02 -> 
  custom:video-encoder-webm-vp8: eb34c28f22e8b96e1ab97ce403110664 -> 
  custom:CustomObjectIndexerAttribute: 6b0e35c9178b02a6363f3721b7b8e397 -> 
  custom:audio-encoder-webm-vorbis: bf7c407c2cedff20999df2af8eb42d56 -> 
  custom:framework-win-MediaFoundation: 216162199b28c13a410421893ffa2e32 -> 
  custom:SearchIndexIgnoredProperties: e643bd26f0fe6173181afceb89e7c659 -> 
  custom:container-demuxer-ogg: 62fdf1f143b41e24485cea50d1cbac27 -> 
  custom:video-decoder-webm-vp8: 9c59270c3fd7afecdb556c50c9e8de78 -> 
  custom:audio-decoder-ogg-vorbis: bf7c407c2cedff20999df2af8eb42d56 -> 
========================================================================
Received Import Request.
  Time since last request: 139.656662 seconds.
  path: Assets/Scenes/MainMenu.unity
  artifactKey: Guid(b26f2666527cce5499580ee5043ab559) Importer(815301076,1909f56bfc062723c751e8b465ee728b)
Number of updated assets reloaded before import = 0
Start importing Assets/Scenes/MainMenu.unity using Guid(b26f2666527cce5499580ee5043ab559) Importer(815301076,1909f56bfc062723c751e8b465ee728b)  -> (artifact id: '0e51859250eeb427b427fd8f4d9a1633') in 0.087764 seconds 
Number of asset objects unloaded after import = 0
========================================================================
Received Prepare
Registering precompiled user dll's ...
Registered in 0.026220 seconds.
Begin MonoManager ReloadAssembly
Native extension for WindowsStandalone target not found
Native extension for WebGL target not found
Refreshing native plugins compatible for Editor in 3.80 ms, found 3 plugins.
Preloading 0 native plugins for Editor in 0.00 ms.
[Package Manager] Server::EnsureServerProcessIsRunning -- launch failed, reason: Unity was launched with the -noUpm command-line argument
[Package Manager] Cannot connect to Unity Package Manager local server
Mono: successfully reloaded assembly
- Completed reload, in  8.774 seconds
Domain Reload Profiling:
	ReloadAssembly (8775ms)
		BeginReloadAssembly (1197ms)
			ExecutionOrderSort (0ms)
			DisableScriptedObjects (73ms)
			BackupInstance (0ms)
			ReleaseScriptingObjects (0ms)
			CreateAndSetChildDomain (124ms)
		EndReloadAssembly (6663ms)
			LoadAssemblies (978ms)
			RebuildTransferFunctionScriptingTraits (0ms)
			SetupTypeCache (2747ms)
			ReleaseScriptCaches (8ms)
			RebuildScriptCaches (304ms)
			SetupLoadedEditorAssemblies (2666ms)
				LogAssemblyErrors (0ms)
				InitializePlatformSupportModulesInManaged (55ms)
				SetLoadedEditorAssemblies (3ms)
				RefreshPlugins (4ms)
				BeforeProcessingInitializeOnLoad (382ms)
				ProcessInitializeOnLoadAttributes (1945ms)
				ProcessInitializeOnLoadMethodAttributes (223ms)
				AfterProcessingInitializeOnLoad (54ms)
				EditorAssembliesLoaded (0ms)
			ExecutionOrderSort2 (0ms)
			AwakeInstancesAfterBackupRestoration (44ms)
Platform modules already initialized, skipping
Refreshing native plugins compatible for Editor in 8.77 ms, found 3 plugins.
Preloading 0 native plugins for Editor in 0.00 ms.
Unloading 5101 Unused Serialized files (Serialized files now loaded: 0)
Unloading 27 unused Assets / (307.2 KB). Loaded Objects now: 5878.
Memory consumption went from 211.6 MB to 211.3 MB.
Total: 13.923000 ms (FindLiveObjects: 1.275800 ms CreateObjectMapping: 0.715600 ms MarkObjects: 11.750000 ms  DeleteObjects: 0.177000 ms)

AssetImportParameters requested are different than current active one (requested -> active):
  custom:video-decoder-ogg-theora: a1e56fd34408186e4bbccfd4996cb3dc -> 
  custom:container-muxer-webm: aa71ff27fc2769a1b78a27578f13a17b -> 
  custom:container-demuxer-webm: 4f35f7cbe854078d1ac9338744f61a02 -> 
  custom:video-encoder-webm-vp8: eb34c28f22e8b96e1ab97ce403110664 -> 
  custom:CustomObjectIndexerAttribute: 6b0e35c9178b02a6363f3721b7b8e397 -> 
  custom:audio-encoder-webm-vorbis: bf7c407c2cedff20999df2af8eb42d56 -> 
  custom:framework-win-MediaFoundation: 216162199b28c13a410421893ffa2e32 -> 
  custom:SearchIndexIgnoredProperties: e643bd26f0fe6173181afceb89e7c659 -> 
  custom:container-demuxer-ogg: 62fdf1f143b41e24485cea50d1cbac27 -> 
  custom:video-decoder-webm-vp8: 9c59270c3fd7afecdb556c50c9e8de78 -> 
  custom:audio-decoder-ogg-vorbis: bf7c407c2cedff20999df2af8eb42d56 -> 
========================================================================
Received Prepare
Registering precompiled user dll's ...
Registered in 0.033705 seconds.
Begin MonoManager ReloadAssembly
Native extension for WindowsStandalone target not found
Native extension for WebGL target not found
Refreshing native plugins compatible for Editor in 1.71 ms, found 3 plugins.
Preloading 0 native plugins for Editor in 0.00 ms.
[Package Manager] Server::EnsureServerProcessIsRunning -- launch failed, reason: Unity was launched with the -noUpm command-line argument
[Package Manager] Cannot connect to Unity Package Manager local server
Mono: successfully reloaded assembly
- Completed reload, in  5.542 seconds
Domain Reload Profiling:
	ReloadAssembly (5545ms)
		BeginReloadAssembly (692ms)
			ExecutionOrderSort (0ms)
			DisableScriptedObjects (32ms)
			BackupInstance (0ms)
			ReleaseScriptingObjects (0ms)
			CreateAndSetChildDomain (206ms)
		EndReloadAssembly (4321ms)
			LoadAssemblies (445ms)
			RebuildTransferFunctionScriptingTraits (0ms)
			SetupTypeCache (1233ms)
			ReleaseScriptCaches (4ms)
			RebuildScriptCaches (125ms)
			SetupLoadedEditorAssemblies (2543ms)
				LogAssemblyErrors (0ms)
				InitializePlatformSupportModulesInManaged (26ms)
				SetLoadedEditorAssemblies (1ms)
				RefreshPlugins (2ms)
				BeforeProcessingInitializeOnLoad (563ms)
				ProcessInitializeOnLoadAttributes (1613ms)
				ProcessInitializeOnLoadMethodAttributes (256ms)
				AfterProcessingInitializeOnLoad (82ms)
				EditorAssembliesLoaded (0ms)
			ExecutionOrderSort2 (0ms)
			AwakeInstancesAfterBackupRestoration (31ms)
Platform modules already initialized, skipping
Refreshing native plugins compatible for Editor in 9.24 ms, found 3 plugins.
Preloading 0 native plugins for Editor in 0.00 ms.
Unloading 5100 Unused Serialized files (Serialized files now loaded: 0)
Unloading 28 unused Assets / (307.2 KB). Loaded Objects now: 5880.
Memory consumption went from 211.4 MB to 211.1 MB.
Total: 13.556500 ms (FindLiveObjects: 1.174300 ms CreateObjectMapping: 0.924700 ms MarkObjects: 11.151900 ms  DeleteObjects: 0.303100 ms)

AssetImportParameters requested are different than current active one (requested -> active):
  custom:video-decoder-ogg-theora: a1e56fd34408186e4bbccfd4996cb3dc -> 
  custom:container-muxer-webm: aa71ff27fc2769a1b78a27578f13a17b -> 
  custom:container-demuxer-webm: 4f35f7cbe854078d1ac9338744f61a02 -> 
  custom:video-encoder-webm-vp8: eb34c28f22e8b96e1ab97ce403110664 -> 
  custom:CustomObjectIndexerAttribute: 6b0e35c9178b02a6363f3721b7b8e397 -> 
  custom:audio-encoder-webm-vorbis: bf7c407c2cedff20999df2af8eb42d56 -> 
  custom:framework-win-MediaFoundation: 216162199b28c13a410421893ffa2e32 -> 
  custom:SearchIndexIgnoredProperties: e643bd26f0fe6173181afceb89e7c659 -> 
  custom:container-demuxer-ogg: 62fdf1f143b41e24485cea50d1cbac27 -> 
  custom:video-decoder-webm-vp8: 9c59270c3fd7afecdb556c50c9e8de78 -> 
  custom:audio-decoder-ogg-vorbis: bf7c407c2cedff20999df2af8eb42d56 -> 
========================================================================
Received Prepare
Registering precompiled user dll's ...
Registered in 0.035521 seconds.
Begin MonoManager ReloadAssembly
Native extension for WindowsStandalone target not found
Native extension for WebGL target not found
Refreshing native plugins compatible for Editor in 1.57 ms, found 3 plugins.
Preloading 0 native plugins for Editor in 0.00 ms.
[Package Manager] Server::EnsureServerProcessIsRunning -- launch failed, reason: Unity was launched with the -noUpm command-line argument
[Package Manager] Cannot connect to Unity Package Manager local server
Mono: successfully reloaded assembly
- Completed reload, in  8.269 seconds
Domain Reload Profiling:
	ReloadAssembly (8272ms)
		BeginReloadAssembly (1534ms)
			ExecutionOrderSort (0ms)
			DisableScriptedObjects (120ms)
			BackupInstance (0ms)
			ReleaseScriptingObjects (0ms)
			CreateAndSetChildDomain (341ms)
		EndReloadAssembly (5603ms)
			LoadAssemblies (1061ms)
			RebuildTransferFunctionScriptingTraits (0ms)
			SetupTypeCache (2554ms)
			ReleaseScriptCaches (5ms)
			RebuildScriptCaches (137ms)
			SetupLoadedEditorAssemblies (2283ms)
				LogAssemblyErrors (0ms)
				InitializePlatformSupportModulesInManaged (30ms)
				SetLoadedEditorAssemblies (1ms)
				RefreshPlugins (2ms)
				BeforeProcessingInitializeOnLoad (308ms)
				ProcessInitializeOnLoadAttributes (1645ms)
				ProcessInitializeOnLoadMethodAttributes (246ms)
				AfterProcessingInitializeOnLoad (51ms)
				EditorAssembliesLoaded (0ms)
			ExecutionOrderSort2 (0ms)
			AwakeInstancesAfterBackupRestoration (28ms)
Platform modules already initialized, skipping
Refreshing native plugins compatible for Editor in 4.08 ms, found 3 plugins.
Preloading 0 native plugins for Editor in 0.00 ms.
Unloading 5100 Unused Serialized files (Serialized files now loaded: 0)
Unloading 27 unused Assets / (307.2 KB). Loaded Objects now: 5883.
Memory consumption went from 211.6 MB to 211.3 MB.
Total: 32.225000 ms (FindLiveObjects: 2.315700 ms CreateObjectMapping: 1.927100 ms MarkObjects: 27.824000 ms  DeleteObjects: 0.155600 ms)

AssetImportParameters requested are different than current active one (requested -> active):
  custom:video-decoder-ogg-theora: a1e56fd34408186e4bbccfd4996cb3dc -> 
  custom:container-muxer-webm: aa71ff27fc2769a1b78a27578f13a17b -> 
  custom:container-demuxer-webm: 4f35f7cbe854078d1ac9338744f61a02 -> 
  custom:video-encoder-webm-vp8: eb34c28f22e8b96e1ab97ce403110664 -> 
  custom:CustomObjectIndexerAttribute: 6b0e35c9178b02a6363f3721b7b8e397 -> 
  custom:audio-encoder-webm-vorbis: bf7c407c2cedff20999df2af8eb42d56 -> 
  custom:framework-win-MediaFoundation: 216162199b28c13a410421893ffa2e32 -> 
  custom:SearchIndexIgnoredProperties: e643bd26f0fe6173181afceb89e7c659 -> 
  custom:container-demuxer-ogg: 62fdf1f143b41e24485cea50d1cbac27 -> 
  custom:video-decoder-webm-vp8: 9c59270c3fd7afecdb556c50c9e8de78 -> 
  custom:audio-decoder-ogg-vorbis: bf7c407c2cedff20999df2af8eb42d56 -> 
========================================================================
Received Prepare
Registering precompiled user dll's ...
Registered in 0.023896 seconds.
Begin MonoManager ReloadAssembly
Native extension for WindowsStandalone target not found
Native extension for WebGL target not found
Refreshing native plugins compatible for Editor in 10.64 ms, found 3 plugins.
Preloading 0 native plugins for Editor in 0.00 ms.
[Package Manager] Server::EnsureServerProcessIsRunning -- launch failed, reason: Unity was launched with the -noUpm command-line argument
[Package Manager] Cannot connect to Unity Package Manager local server
Mono: successfully reloaded assembly
- Completed reload, in 26.047 seconds
Domain Reload Profiling:
	ReloadAssembly (26051ms)
		BeginReloadAssembly (2067ms)
			ExecutionOrderSort (0ms)
			DisableScriptedObjects (22ms)
			BackupInstance (0ms)
			ReleaseScriptingObjects (0ms)
			CreateAndSetChildDomain (414ms)
		EndReloadAssembly (21745ms)
			LoadAssemblies (1606ms)
			RebuildTransferFunctionScriptingTraits (0ms)
			SetupTypeCache (5982ms)
			ReleaseScriptCaches (12ms)
			RebuildScriptCaches (1170ms)
			SetupLoadedEditorAssemblies (11157ms)
				LogAssemblyErrors (0ms)
				InitializePlatformSupportModulesInManaged (104ms)
				SetLoadedEditorAssemblies (6ms)
				RefreshPlugins (11ms)
				BeforeProcessingInitializeOnLoad (1424ms)
				ProcessInitializeOnLoadAttributes (8623ms)
				ProcessInitializeOnLoadMethodAttributes (889ms)
				AfterProcessingInitializeOnLoad (98ms)
				EditorAssembliesLoaded (1ms)
			ExecutionOrderSort2 (0ms)
			AwakeInstancesAfterBackupRestoration (67ms)
Platform modules already initialized, skipping
Refreshing native plugins compatible for Editor in 10.20 ms, found 3 plugins.
Preloading 0 native plugins for Editor in 0.00 ms.
Unloading 5100 Unused Serialized files (Serialized files now loaded: 0)
Unloading 27 unused Assets / (306.7 KB). Loaded Objects now: 5886.
Memory consumption went from 211.6 MB to 211.3 MB.
Total: 26.277200 ms (FindLiveObjects: 2.660700 ms CreateObjectMapping: 1.357300 ms MarkObjects: 21.919600 ms  DeleteObjects: 0.336900 ms)

AssetImportParameters requested are different than current active one (requested -> active):
  custom:video-decoder-ogg-theora: a1e56fd34408186e4bbccfd4996cb3dc -> 
  custom:container-muxer-webm: aa71ff27fc2769a1b78a27578f13a17b -> 
  custom:container-demuxer-webm: 4f35f7cbe854078d1ac9338744f61a02 -> 
  custom:video-encoder-webm-vp8: eb34c28f22e8b96e1ab97ce403110664 -> 
  custom:CustomObjectIndexerAttribute: 6b0e35c9178b02a6363f3721b7b8e397 -> 
  custom:audio-encoder-webm-vorbis: bf7c407c2cedff20999df2af8eb42d56 -> 
  custom:framework-win-MediaFoundation: 216162199b28c13a410421893ffa2e32 -> 
  custom:SearchIndexIgnoredProperties: e643bd26f0fe6173181afceb89e7c659 -> 
  custom:container-demuxer-ogg: 62fdf1f143b41e24485cea50d1cbac27 -> 
  custom:video-decoder-webm-vp8: 9c59270c3fd7afecdb556c50c9e8de78 -> 
  custom:audio-decoder-ogg-vorbis: bf7c407c2cedff20999df2af8eb42d56 -> 
========================================================================
Received Prepare
Registering precompiled user dll's ...
Registered in 0.023354 seconds.
Begin MonoManager ReloadAssembly
Native extension for WindowsStandalone target not found
Native extension for WebGL target not found
Refreshing native plugins compatible for Editor in 2.04 ms, found 3 plugins.
Preloading 0 native plugins for Editor in 0.00 ms.
[Package Manager] Server::EnsureServerProcessIsRunning -- launch failed, reason: Unity was launched with the -noUpm command-line argument
[Package Manager] Cannot connect to Unity Package Manager local server
Mono: successfully reloaded assembly
- Completed reload, in  5.640 seconds
Domain Reload Profiling:
	ReloadAssembly (5642ms)
		BeginReloadAssembly (1023ms)
			ExecutionOrderSort (0ms)
			DisableScriptedObjects (14ms)
			BackupInstance (0ms)
			ReleaseScriptingObjects (0ms)
			CreateAndSetChildDomain (153ms)
		EndReloadAssembly (4159ms)
			LoadAssemblies (921ms)
			RebuildTransferFunctionScriptingTraits (0ms)
			SetupTypeCache (1274ms)
			ReleaseScriptCaches (5ms)
			RebuildScriptCaches (133ms)
			SetupLoadedEditorAssemblies (2207ms)
				LogAssemblyErrors (0ms)
				InitializePlatformSupportModulesInManaged (30ms)
				SetLoadedEditorAssemblies (1ms)
				RefreshPlugins (2ms)
				BeforeProcessingInitializeOnLoad (246ms)
				ProcessInitializeOnLoadAttributes (1611ms)
				ProcessInitializeOnLoadMethodAttributes (254ms)
				AfterProcessingInitializeOnLoad (61ms)
				EditorAssembliesLoaded (1ms)
			ExecutionOrderSort2 (0ms)
			AwakeInstancesAfterBackupRestoration (60ms)
Platform modules already initialized, skipping
Refreshing native plugins compatible for Editor in 2.45 ms, found 3 plugins.
Preloading 0 native plugins for Editor in 0.00 ms.
Unloading 5100 Unused Serialized files (Serialized files now loaded: 0)
Unloading 27 unused Assets / (306.8 KB). Loaded Objects now: 5889.
Memory consumption went from 211.7 MB to 211.4 MB.
Total: 14.029200 ms (FindLiveObjects: 1.154700 ms CreateObjectMapping: 1.016000 ms MarkObjects: 11.684800 ms  DeleteObjects: 0.171300 ms)

AssetImportParameters requested are different than current active one (requested -> active):
  custom:video-decoder-ogg-theora: a1e56fd34408186e4bbccfd4996cb3dc -> 
  custom:container-muxer-webm: aa71ff27fc2769a1b78a27578f13a17b -> 
  custom:container-demuxer-webm: 4f35f7cbe854078d1ac9338744f61a02 -> 
  custom:video-encoder-webm-vp8: eb34c28f22e8b96e1ab97ce403110664 -> 
  custom:CustomObjectIndexerAttribute: 6b0e35c9178b02a6363f3721b7b8e397 -> 
  custom:audio-encoder-webm-vorbis: bf7c407c2cedff20999df2af8eb42d56 -> 
  custom:framework-win-MediaFoundation: 216162199b28c13a410421893ffa2e32 -> 
  custom:SearchIndexIgnoredProperties: e643bd26f0fe6173181afceb89e7c659 -> 
  custom:container-demuxer-ogg: 62fdf1f143b41e24485cea50d1cbac27 -> 
  custom:video-decoder-webm-vp8: 9c59270c3fd7afecdb556c50c9e8de78 -> 
  custom:audio-decoder-ogg-vorbis: bf7c407c2cedff20999df2af8eb42d56 -> 
========================================================================
Received Prepare
Registering precompiled user dll's ...
Registered in 0.029423 seconds.
Begin MonoManager ReloadAssembly
Native extension for WindowsStandalone target not found
Native extension for WebGL target not found
Refreshing native plugins compatible for Editor in 3.73 ms, found 3 plugins.
Preloading 0 native plugins for Editor in 0.00 ms.
[Package Manager] Server::EnsureServerProcessIsRunning -- launch failed, reason: Unity was launched with the -noUpm command-line argument
[Package Manager] Cannot connect to Unity Package Manager local server
Mono: successfully reloaded assembly
- Completed reload, in 10.071 seconds
Domain Reload Profiling:
	ReloadAssembly (10074ms)
		BeginReloadAssembly (1454ms)
			ExecutionOrderSort (0ms)
			DisableScriptedObjects (19ms)
			BackupInstance (0ms)
			ReleaseScriptingObjects (1ms)
			CreateAndSetChildDomain (204ms)
		EndReloadAssembly (7599ms)
			LoadAssemblies (1047ms)
			RebuildTransferFunctionScriptingTraits (0ms)
			SetupTypeCache (1805ms)
			ReleaseScriptCaches (9ms)
			RebuildScriptCaches (339ms)
			SetupLoadedEditorAssemblies (4580ms)
				LogAssemblyErrors (0ms)
				InitializePlatformSupportModulesInManaged (156ms)
				SetLoadedEditorAssemblies (4ms)
				RefreshPlugins (4ms)
				BeforeProcessingInitializeOnLoad (567ms)
				ProcessInitializeOnLoadAttributes (3179ms)
				ProcessInitializeOnLoadMethodAttributes (567ms)
				AfterProcessingInitializeOnLoad (102ms)
				EditorAssembliesLoaded (1ms)
			ExecutionOrderSort2 (0ms)
			AwakeInstancesAfterBackupRestoration (66ms)
Platform modules already initialized, skipping
Refreshing native plugins compatible for Editor in 30.53 ms, found 3 plugins.
Preloading 0 native plugins for Editor in 0.00 ms.
Unloading 5100 Unused Serialized files (Serialized files now loaded: 0)
Unloading 27 unused Assets / (306.7 KB). Loaded Objects now: 5892.
Memory consumption went from 211.7 MB to 211.4 MB.
Total: 50.116200 ms (FindLiveObjects: 2.415200 ms CreateObjectMapping: 1.685400 ms MarkObjects: 45.410300 ms  DeleteObjects: 0.600600 ms)

AssetImportParameters requested are different than current active one (requested -> active):
  custom:video-decoder-ogg-theora: a1e56fd34408186e4bbccfd4996cb3dc -> 
  custom:container-muxer-webm: aa71ff27fc2769a1b78a27578f13a17b -> 
  custom:container-demuxer-webm: 4f35f7cbe854078d1ac9338744f61a02 -> 
  custom:video-encoder-webm-vp8: eb34c28f22e8b96e1ab97ce403110664 -> 
  custom:CustomObjectIndexerAttribute: 6b0e35c9178b02a6363f3721b7b8e397 -> 
  custom:audio-encoder-webm-vorbis: bf7c407c2cedff20999df2af8eb42d56 -> 
  custom:framework-win-MediaFoundation: 216162199b28c13a410421893ffa2e32 -> 
  custom:SearchIndexIgnoredProperties: e643bd26f0fe6173181afceb89e7c659 -> 
  custom:container-demuxer-ogg: 62fdf1f143b41e24485cea50d1cbac27 -> 
  custom:video-decoder-webm-vp8: 9c59270c3fd7afecdb556c50c9e8de78 -> 
  custom:audio-decoder-ogg-vorbis: bf7c407c2cedff20999df2af8eb42d56 -> 
========================================================================
Received Prepare
Registering precompiled user dll's ...
Registered in 0.021555 seconds.
Begin MonoManager ReloadAssembly
Native extension for WindowsStandalone target not found
Native extension for WebGL target not found
Refreshing native plugins compatible for Editor in 3.80 ms, found 3 plugins.
Preloading 0 native plugins for Editor in 0.00 ms.
[Package Manager] Server::EnsureServerProcessIsRunning -- launch failed, reason: Unity was launched with the -noUpm command-line argument
[Package Manager] Cannot connect to Unity Package Manager local server
Mono: successfully reloaded assembly
- Completed reload, in  8.119 seconds
Domain Reload Profiling:
	ReloadAssembly (8121ms)
		BeginReloadAssembly (766ms)
			ExecutionOrderSort (0ms)
			DisableScriptedObjects (36ms)
			BackupInstance (0ms)
			ReleaseScriptingObjects (0ms)
			CreateAndSetChildDomain (102ms)
		EndReloadAssembly (6391ms)
			LoadAssemblies (668ms)
			RebuildTransferFunctionScriptingTraits (0ms)
			SetupTypeCache (1565ms)
			ReleaseScriptCaches (11ms)
			RebuildScriptCaches (549ms)
			SetupLoadedEditorAssemblies (3506ms)
				LogAssemblyErrors (0ms)
				InitializePlatformSupportModulesInManaged (55ms)
				SetLoadedEditorAssemblies (1ms)
				RefreshPlugins (4ms)
				BeforeProcessingInitializeOnLoad (683ms)
				ProcessInitializeOnLoadAttributes (2475ms)
				ProcessInitializeOnLoadMethodAttributes (240ms)
				AfterProcessingInitializeOnLoad (46ms)
				EditorAssembliesLoaded (1ms)
			ExecutionOrderSort2 (0ms)
			AwakeInstancesAfterBackupRestoration (34ms)
Platform modules already initialized, skipping
Refreshing native plugins compatible for Editor in 2.58 ms, found 3 plugins.
Preloading 0 native plugins for Editor in 0.00 ms.
Unloading 5100 Unused Serialized files (Serialized files now loaded: 0)
Unloading 27 unused Assets / (307.2 KB). Loaded Objects now: 5895.
Memory consumption went from 211.5 MB to 211.2 MB.
Total: 10.507800 ms (FindLiveObjects: 0.766200 ms CreateObjectMapping: 0.719600 ms MarkObjects: 8.883500 ms  DeleteObjects: 0.136700 ms)

AssetImportParameters requested are different than current active one (requested -> active):
  custom:video-decoder-ogg-theora: a1e56fd34408186e4bbccfd4996cb3dc -> 
  custom:container-muxer-webm: aa71ff27fc2769a1b78a27578f13a17b -> 
  custom:container-demuxer-webm: 4f35f7cbe854078d1ac9338744f61a02 -> 
  custom:video-encoder-webm-vp8: eb34c28f22e8b96e1ab97ce403110664 -> 
  custom:CustomObjectIndexerAttribute: 6b0e35c9178b02a6363f3721b7b8e397 -> 
  custom:audio-encoder-webm-vorbis: bf7c407c2cedff20999df2af8eb42d56 -> 
  custom:framework-win-MediaFoundation: 216162199b28c13a410421893ffa2e32 -> 
  custom:SearchIndexIgnoredProperties: e643bd26f0fe6173181afceb89e7c659 -> 
  custom:container-demuxer-ogg: 62fdf1f143b41e24485cea50d1cbac27 -> 
  custom:video-decoder-webm-vp8: 9c59270c3fd7afecdb556c50c9e8de78 -> 
  custom:audio-decoder-ogg-vorbis: bf7c407c2cedff20999df2af8eb42d56 -> 
========================================================================
Received Prepare
Registering precompiled user dll's ...
Registered in 0.021377 seconds.
Begin MonoManager ReloadAssembly
Native extension for WindowsStandalone target not found
Native extension for WebGL target not found
Refreshing native plugins compatible for Editor in 1.83 ms, found 3 plugins.
Preloading 0 native plugins for Editor in 0.00 ms.
[Package Manager] Server::EnsureServerProcessIsRunning -- launch failed, reason: Unity was launched with the -noUpm command-line argument
[Package Manager] Cannot connect to Unity Package Manager local server
Mono: successfully reloaded assembly
- Completed reload, in  4.369 seconds
Domain Reload Profiling:
	ReloadAssembly (4371ms)
		BeginReloadAssembly (494ms)
			ExecutionOrderSort (0ms)
			DisableScriptedObjects (13ms)
			BackupInstance (0ms)
			ReleaseScriptingObjects (0ms)
			CreateAndSetChildDomain (106ms)
		EndReloadAssembly (3412ms)
			LoadAssemblies (390ms)
			RebuildTransferFunctionScriptingTraits (0ms)
			SetupTypeCache (1063ms)
			ReleaseScriptCaches (5ms)
			RebuildScriptCaches (122ms)
			SetupLoadedEditorAssemblies (1771ms)
				LogAssemblyErrors (0ms)
				InitializePlatformSupportModulesInManaged (34ms)
				SetLoadedEditorAssemblies (2ms)
				RefreshPlugins (2ms)
				BeforeProcessingInitializeOnLoad (203ms)
				ProcessInitializeOnLoadAttributes (1293ms)
				ProcessInitializeOnLoadMethodAttributes (191ms)
				AfterProcessingInitializeOnLoad (45ms)
				EditorAssembliesLoaded (0ms)
			ExecutionOrderSort2 (0ms)
			AwakeInstancesAfterBackupRestoration (28ms)
Platform modules already initialized, skipping
Refreshing native plugins compatible for Editor in 17.54 ms, found 3 plugins.
Preloading 0 native plugins for Editor in 0.00 ms.
Unloading 5100 Unused Serialized files (Serialized files now loaded: 0)
Unloading 27 unused Assets / (307.2 KB). Loaded Objects now: 5898.
Memory consumption went from 211.7 MB to 211.4 MB.
Total: 10.148500 ms (FindLiveObjects: 0.782100 ms CreateObjectMapping: 0.872200 ms MarkObjects: 8.368200 ms  DeleteObjects: 0.124500 ms)

AssetImportParameters requested are different than current active one (requested -> active):
  custom:video-decoder-ogg-theora: a1e56fd34408186e4bbccfd4996cb3dc -> 
  custom:container-muxer-webm: aa71ff27fc2769a1b78a27578f13a17b -> 
  custom:container-demuxer-webm: 4f35f7cbe854078d1ac9338744f61a02 -> 
  custom:video-encoder-webm-vp8: eb34c28f22e8b96e1ab97ce403110664 -> 
  custom:CustomObjectIndexerAttribute: 6b0e35c9178b02a6363f3721b7b8e397 -> 
  custom:audio-encoder-webm-vorbis: bf7c407c2cedff20999df2af8eb42d56 -> 
  custom:framework-win-MediaFoundation: 216162199b28c13a410421893ffa2e32 -> 
  custom:SearchIndexIgnoredProperties: e643bd26f0fe6173181afceb89e7c659 -> 
  custom:container-demuxer-ogg: 62fdf1f143b41e24485cea50d1cbac27 -> 
  custom:video-decoder-webm-vp8: 9c59270c3fd7afecdb556c50c9e8de78 -> 
  custom:audio-decoder-ogg-vorbis: bf7c407c2cedff20999df2af8eb42d56 -> 
========================================================================
Received Import Request.
  Time since last request: 761.073167 seconds.
  path: Assets/Scenes/Guia#9.unity
  artifactKey: Guid(4da869e5cf8ff0746ab6ef902a6960e1) Importer(815301076,1909f56bfc062723c751e8b465ee728b)
Number of updated assets reloaded before import = 0
Start importing Assets/Scenes/Guia#9.unity using Guid(4da869e5cf8ff0746ab6ef902a6960e1) Importer(815301076,1909f56bfc062723c751e8b465ee728b)  -> (artifact id: '640aaf2618333ebe2057a9828afff35c') in 0.031644 seconds 
Number of asset objects unloaded after import = 0
========================================================================
Received Import Request.
  Time since last request: 5.898136 seconds.
  path: Assets/Scenes/Guia#9 1.unity
  artifactKey: Guid(a2a21cc3f6dd2544fba292489bfc05a7) Importer(815301076,1909f56bfc062723c751e8b465ee728b)
Number of updated assets reloaded before import = 0
Start importing Assets/Scenes/Guia#9 1.unity using Guid(a2a21cc3f6dd2544fba292489bfc05a7) Importer(815301076,1909f56bfc062723c751e8b465ee728b)  -> (artifact id: 'bc4d76a53afbeb11ca44a8c1f42c0139') in 0.067890 seconds 
Number of asset objects unloaded after import = 0
========================================================================
Received Import Request.
  Time since last request: 0.899600 seconds.
  path: Assets/Scenes/Guia#9 2.unity
  artifactKey: Guid(1399e548ca1a34846bee30ee8c84ec69) Importer(815301076,1909f56bfc062723c751e8b465ee728b)
Number of updated assets reloaded before import = 0
Start importing Assets/Scenes/Guia#9 2.unity using Guid(1399e548ca1a34846bee30ee8c84ec69) Importer(815301076,1909f56bfc062723c751e8b465ee728b)  -> (artifact id: '716f752677000b35904f9c886d592ba6') in 0.032934 seconds 
Number of asset objects unloaded after import = 0
========================================================================
Received Import Request.
  Time since last request: 6.001140 seconds.
  path: Assets/Scenes/MainMenu.unity
  artifactKey: Guid(a2a21cc3f6dd2544fba292489bfc05a7) Importer(815301076,1909f56bfc062723c751e8b465ee728b)
Number of updated assets reloaded before import = 0
Start importing Assets/Scenes/MainMenu.unity using Guid(a2a21cc3f6dd2544fba292489bfc05a7) Importer(815301076,1909f56bfc062723c751e8b465ee728b)  -> (artifact id: '60171eb5173a64267c1b8c53515d57ec') in 0.009890 seconds 
Number of asset objects unloaded after import = 0
========================================================================
Received Import Request.
  Time since last request: 8.143926 seconds.
  path: Assets/Scenes/Level_001.unity
  artifactKey: Guid(1399e548ca1a34846bee30ee8c84ec69) Importer(815301076,1909f56bfc062723c751e8b465ee728b)
Number of updated assets reloaded before import = 0
Start importing Assets/Scenes/Level_001.unity using Guid(1399e548ca1a34846bee30ee8c84ec69) Importer(815301076,1909f56bfc062723c751e8b465ee728b)  -> (artifact id: 'ff31ad8df50226df87dee3540d6c2a5b') in 0.021357 seconds 
Number of asset objects unloaded after import = 0
========================================================================
Received Prepare
Registering precompiled user dll's ...
Registered in 0.027051 seconds.
Begin MonoManager ReloadAssembly
Native extension for WindowsStandalone target not found
Native extension for WebGL target not found
Refreshing native plugins compatible for Editor in 1.94 ms, found 3 plugins.
Preloading 0 native plugins for Editor in 0.00 ms.
[Package Manager] Server::EnsureServerProcessIsRunning -- launch failed, reason: Unity was launched with the -noUpm command-line argument
[Package Manager] Cannot connect to Unity Package Manager local server
Mono: successfully reloaded assembly
- Completed reload, in  6.786 seconds
Domain Reload Profiling:
	ReloadAssembly (6787ms)
		BeginReloadAssembly (914ms)
			ExecutionOrderSort (0ms)
			DisableScriptedObjects (14ms)
			BackupInstance (0ms)
			ReleaseScriptingObjects (2ms)
			CreateAndSetChildDomain (84ms)
		EndReloadAssembly (5125ms)
			LoadAssemblies (879ms)
			RebuildTransferFunctionScriptingTraits (0ms)
			SetupTypeCache (1620ms)
			ReleaseScriptCaches (4ms)
			RebuildScriptCaches (152ms)
			SetupLoadedEditorAssemblies (2797ms)
				LogAssemblyErrors (0ms)
				InitializePlatformSupportModulesInManaged (35ms)
				SetLoadedEditorAssemblies (2ms)
				RefreshPlugins (2ms)
				BeforeProcessingInitializeOnLoad (414ms)
				ProcessInitializeOnLoadAttributes (2020ms)
				ProcessInitializeOnLoadMethodAttributes (262ms)
				AfterProcessingInitializeOnLoad (60ms)
				EditorAssembliesLoaded (1ms)
			ExecutionOrderSort2 (0ms)
			AwakeInstancesAfterBackupRestoration (51ms)
Platform modules already initialized, skipping
Refreshing native plugins compatible for Editor in 6.12 ms, found 3 plugins.
Preloading 0 native plugins for Editor in 0.00 ms.
Unloading 5100 Unused Serialized files (Serialized files now loaded: 0)
Unloading 27 unused Assets / (307.2 KB). Loaded Objects now: 5901.
Memory consumption went from 211.7 MB to 211.4 MB.
Total: 15.329100 ms (FindLiveObjects: 2.260100 ms CreateObjectMapping: 1.166600 ms MarkObjects: 11.591900 ms  DeleteObjects: 0.307900 ms)

AssetImportParameters requested are different than current active one (requested -> active):
  custom:video-decoder-ogg-theora: a1e56fd34408186e4bbccfd4996cb3dc -> 
  custom:container-muxer-webm: aa71ff27fc2769a1b78a27578f13a17b -> 
  custom:container-demuxer-webm: 4f35f7cbe854078d1ac9338744f61a02 -> 
  custom:video-encoder-webm-vp8: eb34c28f22e8b96e1ab97ce403110664 -> 
  custom:CustomObjectIndexerAttribute: 6b0e35c9178b02a6363f3721b7b8e397 -> 
  custom:audio-encoder-webm-vorbis: bf7c407c2cedff20999df2af8eb42d56 -> 
  custom:framework-win-MediaFoundation: 216162199b28c13a410421893ffa2e32 -> 
  custom:SearchIndexIgnoredProperties: e643bd26f0fe6173181afceb89e7c659 -> 
  custom:container-demuxer-ogg: 62fdf1f143b41e24485cea50d1cbac27 -> 
  custom:video-decoder-webm-vp8: 9c59270c3fd7afecdb556c50c9e8de78 -> 
  custom:audio-decoder-ogg-vorbis: bf7c407c2cedff20999df2af8eb42d56 -> 
========================================================================
Received Prepare
Registering precompiled user dll's ...
Registered in 0.029670 seconds.
Begin MonoManager ReloadAssembly
Native extension for WindowsStandalone target not found
Native extension for WebGL target not found
Refreshing native plugins compatible for Editor in 21.21 ms, found 3 plugins.
Preloading 0 native plugins for Editor in 0.00 ms.
[Package Manager] Server::EnsureServerProcessIsRunning -- launch failed, reason: Unity was launched with the -noUpm command-line argument
[Package Manager] Cannot connect to Unity Package Manager local server
Mono: successfully reloaded assembly
- Completed reload, in  7.292 seconds
Domain Reload Profiling:
	ReloadAssembly (7294ms)
		BeginReloadAssembly (698ms)
			ExecutionOrderSort (0ms)
			DisableScriptedObjects (23ms)
			BackupInstance (0ms)
			ReleaseScriptingObjects (0ms)
			CreateAndSetChildDomain (173ms)
		EndReloadAssembly (5565ms)
			LoadAssemblies (485ms)
			RebuildTransferFunctionScriptingTraits (0ms)
			SetupTypeCache (1303ms)
			ReleaseScriptCaches (4ms)
			RebuildScriptCaches (191ms)
			SetupLoadedEditorAssemblies (3307ms)
				LogAssemblyErrors (0ms)
				InitializePlatformSupportModulesInManaged (35ms)
				SetLoadedEditorAssemblies (2ms)
				RefreshPlugins (21ms)
				BeforeProcessingInitializeOnLoad (502ms)
				ProcessInitializeOnLoadAttributes (2200ms)
				ProcessInitializeOnLoadMethodAttributes (496ms)
				AfterProcessingInitializeOnLoad (50ms)
				EditorAssembliesLoaded (0ms)
			ExecutionOrderSort2 (0ms)
			AwakeInstancesAfterBackupRestoration (38ms)
Platform modules already initialized, skipping
Refreshing native plugins compatible for Editor in 2.65 ms, found 3 plugins.
Preloading 0 native plugins for Editor in 0.00 ms.
Unloading 5100 Unused Serialized files (Serialized files now loaded: 0)
Unloading 27 unused Assets / (307.1 KB). Loaded Objects now: 5904.
Memory consumption went from 211.7 MB to 211.4 MB.
Total: 34.036100 ms (FindLiveObjects: 1.138800 ms CreateObjectMapping: 1.011000 ms MarkObjects: 21.973600 ms  DeleteObjects: 9.908900 ms)

AssetImportParameters requested are different than current active one (requested -> active):
  custom:video-decoder-ogg-theora: a1e56fd34408186e4bbccfd4996cb3dc -> 
  custom:container-muxer-webm: aa71ff27fc2769a1b78a27578f13a17b -> 
  custom:container-demuxer-webm: 4f35f7cbe854078d1ac9338744f61a02 -> 
  custom:video-encoder-webm-vp8: eb34c28f22e8b96e1ab97ce403110664 -> 
  custom:CustomObjectIndexerAttribute: 6b0e35c9178b02a6363f3721b7b8e397 -> 
  custom:audio-encoder-webm-vorbis: bf7c407c2cedff20999df2af8eb42d56 -> 
  custom:framework-win-MediaFoundation: 216162199b28c13a410421893ffa2e32 -> 
  custom:SearchIndexIgnoredProperties: e643bd26f0fe6173181afceb89e7c659 -> 
  custom:container-demuxer-ogg: 62fdf1f143b41e24485cea50d1cbac27 -> 
  custom:video-decoder-webm-vp8: 9c59270c3fd7afecdb556c50c9e8de78 -> 
  custom:audio-decoder-ogg-vorbis: bf7c407c2cedff20999df2af8eb42d56 -> 
========================================================================
Received Prepare
Registering precompiled user dll's ...
Registered in 0.032063 seconds.
Begin MonoManager ReloadAssembly
Native extension for WindowsStandalone target not found
Native extension for WebGL target not found
Refreshing native plugins compatible for Editor in 2.82 ms, found 3 plugins.
Preloading 0 native plugins for Editor in 0.00 ms.
[Package Manager] Server::EnsureServerProcessIsRunning -- launch failed, reason: Unity was launched with the -noUpm command-line argument
[Package Manager] Cannot connect to Unity Package Manager local server
Mono: successfully reloaded assembly
- Completed reload, in  5.677 seconds
Domain Reload Profiling:
	ReloadAssembly (5679ms)
		BeginReloadAssembly (728ms)
			ExecutionOrderSort (0ms)
			DisableScriptedObjects (16ms)
			BackupInstance (0ms)
			ReleaseScriptingObjects (1ms)
			CreateAndSetChildDomain (228ms)
		EndReloadAssembly (4627ms)
			LoadAssemblies (435ms)
			RebuildTransferFunctionScriptingTraits (0ms)
			SetupTypeCache (909ms)
			ReleaseScriptCaches (3ms)
			RebuildScriptCaches (131ms)
			SetupLoadedEditorAssemblies (3123ms)
				LogAssemblyErrors (0ms)
				InitializePlatformSupportModulesInManaged (34ms)
				SetLoadedEditorAssemblies (3ms)
				RefreshPlugins (3ms)
				BeforeProcessingInitializeOnLoad (271ms)
				ProcessInitializeOnLoadAttributes (2536ms)
				ProcessInitializeOnLoadMethodAttributes (223ms)
				AfterProcessingInitializeOnLoad (53ms)
				EditorAssembliesLoaded (0ms)
			ExecutionOrderSort2 (0ms)
			AwakeInstancesAfterBackupRestoration (34ms)
Platform modules already initialized, skipping
Refreshing native plugins compatible for Editor in 12.30 ms, found 3 plugins.
Preloading 0 native plugins for Editor in 0.00 ms.
Unloading 5100 Unused Serialized files (Serialized files now loaded: 0)
Unloading 27 unused Assets / (307.2 KB). Loaded Objects now: 5907.
Memory consumption went from 211.7 MB to 211.4 MB.
Total: 12.291800 ms (FindLiveObjects: 1.150200 ms CreateObjectMapping: 1.125300 ms MarkObjects: 9.843800 ms  DeleteObjects: 0.168600 ms)

AssetImportParameters requested are different than current active one (requested -> active):
  custom:video-decoder-ogg-theora: a1e56fd34408186e4bbccfd4996cb3dc -> 
  custom:container-muxer-webm: aa71ff27fc2769a1b78a27578f13a17b -> 
  custom:container-demuxer-webm: 4f35f7cbe854078d1ac9338744f61a02 -> 
  custom:video-encoder-webm-vp8: eb34c28f22e8b96e1ab97ce403110664 -> 
  custom:CustomObjectIndexerAttribute: 6b0e35c9178b02a6363f3721b7b8e397 -> 
  custom:audio-encoder-webm-vorbis: bf7c407c2cedff20999df2af8eb42d56 -> 
  custom:framework-win-MediaFoundation: 216162199b28c13a410421893ffa2e32 -> 
  custom:SearchIndexIgnoredProperties: e643bd26f0fe6173181afceb89e7c659 -> 
  custom:container-demuxer-ogg: 62fdf1f143b41e24485cea50d1cbac27 -> 
  custom:video-decoder-webm-vp8: 9c59270c3fd7afecdb556c50c9e8de78 -> 
  custom:audio-decoder-ogg-vorbis: bf7c407c2cedff20999df2af8eb42d56 -> 
========================================================================
Received Prepare
Registering precompiled user dll's ...
Registered in 0.026699 seconds.
Begin MonoManager ReloadAssembly
Native extension for WindowsStandalone target not found
Native extension for WebGL target not found
Refreshing native plugins compatible for Editor in 2.84 ms, found 3 plugins.
Preloading 0 native plugins for Editor in 0.00 ms.
[Package Manager] Server::EnsureServerProcessIsRunning -- launch failed, reason: Unity was launched with the -noUpm command-line argument
[Package Manager] Cannot connect to Unity Package Manager local server
Mono: successfully reloaded assembly
- Completed reload, in 12.121 seconds
Domain Reload Profiling:
	ReloadAssembly (12127ms)
		BeginReloadAssembly (1037ms)
			ExecutionOrderSort (0ms)
			DisableScriptedObjects (24ms)
			BackupInstance (0ms)
			ReleaseScriptingObjects (0ms)
			CreateAndSetChildDomain (158ms)
		EndReloadAssembly (9887ms)
			LoadAssemblies (966ms)
			RebuildTransferFunctionScriptingTraits (0ms)
			SetupTypeCache (1795ms)
			ReleaseScriptCaches (10ms)
			RebuildScriptCaches (393ms)
			SetupLoadedEditorAssemblies (6201ms)
				LogAssemblyErrors (0ms)
				InitializePlatformSupportModulesInManaged (58ms)
				SetLoadedEditorAssemblies (9ms)
				RefreshPlugins (3ms)
				BeforeProcessingInitializeOnLoad (596ms)
				ProcessInitializeOnLoadAttributes (4162ms)
				ProcessInitializeOnLoadMethodAttributes (1203ms)
				AfterProcessingInitializeOnLoad (168ms)
				EditorAssembliesLoaded (1ms)
			ExecutionOrderSort2 (0ms)
			AwakeInstancesAfterBackupRestoration (405ms)
Platform modules already initialized, skipping
Refreshing native plugins compatible for Editor in 3.38 ms, found 3 plugins.
Preloading 0 native plugins for Editor in 0.00 ms.
Unloading 5100 Unused Serialized files (Serialized files now loaded: 0)
Unloading 27 unused Assets / (308.3 KB). Loaded Objects now: 5910.
Memory consumption went from 211.5 MB to 211.2 MB.
Total: 50.190700 ms (FindLiveObjects: 1.512000 ms CreateObjectMapping: 0.875100 ms MarkObjects: 47.643500 ms  DeleteObjects: 0.157500 ms)

AssetImportParameters requested are different than current active one (requested -> active):
  custom:video-decoder-ogg-theora: a1e56fd34408186e4bbccfd4996cb3dc -> 
  custom:container-muxer-webm: aa71ff27fc2769a1b78a27578f13a17b -> 
  custom:container-demuxer-webm: 4f35f7cbe854078d1ac9338744f61a02 -> 
  custom:video-encoder-webm-vp8: eb34c28f22e8b96e1ab97ce403110664 -> 
  custom:CustomObjectIndexerAttribute: 6b0e35c9178b02a6363f3721b7b8e397 -> 
  custom:audio-encoder-webm-vorbis: bf7c407c2cedff20999df2af8eb42d56 -> 
  custom:framework-win-MediaFoundation: 216162199b28c13a410421893ffa2e32 -> 
  custom:SearchIndexIgnoredProperties: e643bd26f0fe6173181afceb89e7c659 -> 
  custom:container-demuxer-ogg: 62fdf1f143b41e24485cea50d1cbac27 -> 
  custom:video-decoder-webm-vp8: 9c59270c3fd7afecdb556c50c9e8de78 -> 
  custom:audio-decoder-ogg-vorbis: bf7c407c2cedff20999df2af8eb42d56 -> 
========================================================================
Received Import Request.
  Time since last request: 191.526323 seconds.
  path: Assets/Scenes/MainMenu.unity
  artifactKey: Guid(a2a21cc3f6dd2544fba292489bfc05a7) Importer(815301076,1909f56bfc062723c751e8b465ee728b)
Number of updated assets reloaded before import = 0
Start importing Assets/Scenes/MainMenu.unity using Guid(a2a21cc3f6dd2544fba292489bfc05a7) Importer(815301076,1909f56bfc062723c751e8b465ee728b)  -> (artifact id: '25d11637071300a47447b3655c30118d') in 0.040188 seconds 
Number of asset objects unloaded after import = 0
========================================================================
Received Prepare
Registering precompiled user dll's ...
Registered in 0.025292 seconds.
Begin MonoManager ReloadAssembly
Native extension for WindowsStandalone target not found
Native extension for WebGL target not found
Refreshing native plugins compatible for Editor in 1.88 ms, found 3 plugins.
Preloading 0 native plugins for Editor in 0.00 ms.
[Package Manager] Server::EnsureServerProcessIsRunning -- launch failed, reason: Unity was launched with the -noUpm command-line argument
[Package Manager] Cannot connect to Unity Package Manager local server
Mono: successfully reloaded assembly
- Completed reload, in  4.783 seconds
Domain Reload Profiling:
	ReloadAssembly (4785ms)
		BeginReloadAssembly (449ms)
			ExecutionOrderSort (0ms)
			DisableScriptedObjects (12ms)
			BackupInstance (0ms)
			ReleaseScriptingObjects (0ms)
			CreateAndSetChildDomain (95ms)
		EndReloadAssembly (3959ms)
			LoadAssemblies (385ms)
			RebuildTransferFunctionScriptingTraits (0ms)
			SetupTypeCache (912ms)
			ReleaseScriptCaches (3ms)
			RebuildScriptCaches (483ms)
			SetupLoadedEditorAssemblies (2025ms)
				LogAssemblyErrors (0ms)
				InitializePlatformSupportModulesInManaged (32ms)
				SetLoadedEditorAssemblies (1ms)
				RefreshPlugins (2ms)
				BeforeProcessingInitializeOnLoad (331ms)
				ProcessInitializeOnLoadAttributes (1422ms)
				ProcessInitializeOnLoadMethodAttributes (184ms)
				AfterProcessingInitializeOnLoad (52ms)
				EditorAssembliesLoaded (1ms)
			ExecutionOrderSort2 (0ms)
			AwakeInstancesAfterBackupRestoration (33ms)
Platform modules already initialized, skipping
Refreshing native plugins compatible for Editor in 3.06 ms, found 3 plugins.
Preloading 0 native plugins for Editor in 0.00 ms.
Unloading 5100 Unused Serialized files (Serialized files now loaded: 0)
Unloading 27 unused Assets / (307.3 KB). Loaded Objects now: 5913.
Memory consumption went from 211.7 MB to 211.4 MB.
Total: 9.702500 ms (FindLiveObjects: 0.782100 ms CreateObjectMapping: 0.884900 ms MarkObjects: 7.865200 ms  DeleteObjects: 0.168300 ms)

AssetImportParameters requested are different than current active one (requested -> active):
  custom:video-decoder-ogg-theora: a1e56fd34408186e4bbccfd4996cb3dc -> 
  custom:container-muxer-webm: aa71ff27fc2769a1b78a27578f13a17b -> 
  custom:container-demuxer-webm: 4f35f7cbe854078d1ac9338744f61a02 -> 
  custom:video-encoder-webm-vp8: eb34c28f22e8b96e1ab97ce403110664 -> 
  custom:CustomObjectIndexerAttribute: 6b0e35c9178b02a6363f3721b7b8e397 -> 
  custom:audio-encoder-webm-vorbis: bf7c407c2cedff20999df2af8eb42d56 -> 
  custom:framework-win-MediaFoundation: 216162199b28c13a410421893ffa2e32 -> 
  custom:SearchIndexIgnoredProperties: e643bd26f0fe6173181afceb89e7c659 -> 
  custom:container-demuxer-ogg: 62fdf1f143b41e24485cea50d1cbac27 -> 
  custom:video-decoder-webm-vp8: 9c59270c3fd7afecdb556c50c9e8de78 -> 
  custom:audio-decoder-ogg-vorbis: bf7c407c2cedff20999df2af8eb42d56 -> 
========================================================================
Received Prepare
Registering precompiled user dll's ...
Registered in 0.025375 seconds.
Begin MonoManager ReloadAssembly
Native extension for WindowsStandalone target not found
Native extension for WebGL target not found
Refreshing native plugins compatible for Editor in 6.04 ms, found 3 plugins.
Preloading 0 native plugins for Editor in 0.00 ms.
[Package Manager] Server::EnsureServerProcessIsRunning -- launch failed, reason: Unity was launched with the -noUpm command-line argument
[Package Manager] Cannot connect to Unity Package Manager local server
Mono: successfully reloaded assembly
- Completed reload, in  7.001 seconds
Domain Reload Profiling:
	ReloadAssembly (7002ms)
		BeginReloadAssembly (589ms)
			ExecutionOrderSort (0ms)
			DisableScriptedObjects (14ms)
			BackupInstance (0ms)
			ReleaseScriptingObjects (0ms)
			CreateAndSetChildDomain (110ms)
		EndReloadAssembly (6007ms)
			LoadAssemblies (545ms)
			RebuildTransferFunctionScriptingTraits (0ms)
			SetupTypeCache (2165ms)
			ReleaseScriptCaches (6ms)
			RebuildScriptCaches (187ms)
			SetupLoadedEditorAssemblies (2822ms)
				LogAssemblyErrors (0ms)
				InitializePlatformSupportModulesInManaged (82ms)
				SetLoadedEditorAssemblies (2ms)
				RefreshPlugins (6ms)
				BeforeProcessingInitializeOnLoad (364ms)
				ProcessInitializeOnLoadAttributes (1945ms)
				ProcessInitializeOnLoadMethodAttributes (353ms)
				AfterProcessingInitializeOnLoad (70ms)
				EditorAssembliesLoaded (1ms)
			ExecutionOrderSort2 (0ms)
			AwakeInstancesAfterBackupRestoration (46ms)
Platform modules already initialized, skipping
Refreshing native plugins compatible for Editor in 40.09 ms, found 3 plugins.
Preloading 0 native plugins for Editor in 0.00 ms.
Unloading 5100 Unused Serialized files (Serialized files now loaded: 0)
Unloading 27 unused Assets / (307.3 KB). Loaded Objects now: 5916.
Memory consumption went from 211.7 MB to 211.4 MB.
Total: 33.457600 ms (FindLiveObjects: 1.497400 ms CreateObjectMapping: 1.228200 ms MarkObjects: 30.493900 ms  DeleteObjects: 0.234600 ms)

AssetImportParameters requested are different than current active one (requested -> active):
  custom:video-decoder-ogg-theora: a1e56fd34408186e4bbccfd4996cb3dc -> 
  custom:container-muxer-webm: aa71ff27fc2769a1b78a27578f13a17b -> 
  custom:container-demuxer-webm: 4f35f7cbe854078d1ac9338744f61a02 -> 
  custom:video-encoder-webm-vp8: eb34c28f22e8b96e1ab97ce403110664 -> 
  custom:CustomObjectIndexerAttribute: 6b0e35c9178b02a6363f3721b7b8e397 -> 
  custom:audio-encoder-webm-vorbis: bf7c407c2cedff20999df2af8eb42d56 -> 
  custom:framework-win-MediaFoundation: 216162199b28c13a410421893ffa2e32 -> 
  custom:SearchIndexIgnoredProperties: e643bd26f0fe6173181afceb89e7c659 -> 
  custom:container-demuxer-ogg: 62fdf1f143b41e24485cea50d1cbac27 -> 
  custom:video-decoder-webm-vp8: 9c59270c3fd7afecdb556c50c9e8de78 -> 
  custom:audio-decoder-ogg-vorbis: bf7c407c2cedff20999df2af8eb42d56 -> 
========================================================================
Received Prepare
Registering precompiled user dll's ...
Registered in 0.033283 seconds.
Begin MonoManager ReloadAssembly
Native extension for WindowsStandalone target not found
Native extension for WebGL target not found
Refreshing native plugins compatible for Editor in 1.57 ms, found 3 plugins.
Preloading 0 native plugins for Editor in 0.00 ms.
[Package Manager] Server::EnsureServerProcessIsRunning -- launch failed, reason: Unity was launched with the -noUpm command-line argument
[Package Manager] Cannot connect to Unity Package Manager local server
Mono: successfully reloaded assembly
- Completed reload, in 11.180 seconds
Domain Reload Profiling:
	ReloadAssembly (11185ms)
		BeginReloadAssembly (1750ms)
			ExecutionOrderSort (0ms)
			DisableScriptedObjects (67ms)
			BackupInstance (0ms)
			ReleaseScriptingObjects (0ms)
			CreateAndSetChildDomain (400ms)
		EndReloadAssembly (9028ms)
			LoadAssemblies (1124ms)
			RebuildTransferFunctionScriptingTraits (0ms)
			SetupTypeCache (2588ms)
			ReleaseScriptCaches (7ms)
			RebuildScriptCaches (444ms)
			SetupLoadedEditorAssemblies (4941ms)
				LogAssemblyErrors (0ms)
				InitializePlatformSupportModulesInManaged (36ms)
				SetLoadedEditorAssemblies (1ms)
				RefreshPlugins (2ms)
				BeforeProcessingInitializeOnLoad (400ms)
				ProcessInitializeOnLoadAttributes (3664ms)
				ProcessInitializeOnLoadMethodAttributes (645ms)
				AfterProcessingInitializeOnLoad (191ms)
				EditorAssembliesLoaded (1ms)
			ExecutionOrderSort2 (0ms)
			AwakeInstancesAfterBackupRestoration (106ms)
Platform modules already initialized, skipping
Refreshing native plugins compatible for Editor in 3.68 ms, found 3 plugins.
Preloading 0 native plugins for Editor in 0.00 ms.
Unloading 5100 Unused Serialized files (Serialized files now loaded: 0)
Unloading 27 unused Assets / (307.2 KB). Loaded Objects now: 5919.
Memory consumption went from 211.7 MB to 211.4 MB.
Total: 61.821800 ms (FindLiveObjects: 8.927900 ms CreateObjectMapping: 7.737800 ms MarkObjects: 44.576900 ms  DeleteObjects: 0.573600 ms)

AssetImportParameters requested are different than current active one (requested -> active):
  custom:video-decoder-ogg-theora: a1e56fd34408186e4bbccfd4996cb3dc -> 
  custom:container-muxer-webm: aa71ff27fc2769a1b78a27578f13a17b -> 
  custom:container-demuxer-webm: 4f35f7cbe854078d1ac9338744f61a02 -> 
  custom:video-encoder-webm-vp8: eb34c28f22e8b96e1ab97ce403110664 -> 
  custom:CustomObjectIndexerAttribute: 6b0e35c9178b02a6363f3721b7b8e397 -> 
  custom:audio-encoder-webm-vorbis: bf7c407c2cedff20999df2af8eb42d56 -> 
  custom:framework-win-MediaFoundation: 216162199b28c13a410421893ffa2e32 -> 
  custom:SearchIndexIgnoredProperties: e643bd26f0fe6173181afceb89e7c659 -> 
  custom:container-demuxer-ogg: 62fdf1f143b41e24485cea50d1cbac27 -> 
  custom:video-decoder-webm-vp8: 9c59270c3fd7afecdb556c50c9e8de78 -> 
  custom:audio-decoder-ogg-vorbis: bf7c407c2cedff20999df2af8eb42d56 -> 
========================================================================
Received Prepare
Registering precompiled user dll's ...
Registered in 0.029157 seconds.
Begin MonoManager ReloadAssembly
Native extension for WindowsStandalone target not found
Native extension for WebGL target not found
Refreshing native plugins compatible for Editor in 1.51 ms, found 3 plugins.
Preloading 0 native plugins for Editor in 0.00 ms.
[Package Manager] Server::EnsureServerProcessIsRunning -- launch failed, reason: Unity was launched with the -noUpm command-line argument
[Package Manager] Cannot connect to Unity Package Manager local server
Mono: successfully reloaded assembly
- Completed reload, in  4.275 seconds
Domain Reload Profiling:
	ReloadAssembly (4277ms)
		BeginReloadAssembly (584ms)
			ExecutionOrderSort (0ms)
			DisableScriptedObjects (14ms)
			BackupInstance (0ms)
			ReleaseScriptingObjects (0ms)
			CreateAndSetChildDomain (111ms)
		EndReloadAssembly (3401ms)
			LoadAssemblies (443ms)
			RebuildTransferFunctionScriptingTraits (0ms)
			SetupTypeCache (918ms)
			ReleaseScriptCaches (4ms)
			RebuildScriptCaches (119ms)
			SetupLoadedEditorAssemblies (1996ms)
				LogAssemblyErrors (0ms)
				InitializePlatformSupportModulesInManaged (25ms)
				SetLoadedEditorAssemblies (1ms)
				RefreshPlugins (2ms)
				BeforeProcessingInitializeOnLoad (201ms)
				ProcessInitializeOnLoadAttributes (1517ms)
				ProcessInitializeOnLoadMethodAttributes (198ms)
				AfterProcessingInitializeOnLoad (51ms)
				EditorAssembliesLoaded (0ms)
			ExecutionOrderSort2 (0ms)
			AwakeInstancesAfterBackupRestoration (34ms)
Platform modules already initialized, skipping
Refreshing native plugins compatible for Editor in 2.90 ms, found 3 plugins.
Preloading 0 native plugins for Editor in 0.00 ms.
Unloading 5100 Unused Serialized files (Serialized files now loaded: 0)
Unloading 27 unused Assets / (307.2 KB). Loaded Objects now: 5922.
Memory consumption went from 211.7 MB to 211.4 MB.
Total: 9.362900 ms (FindLiveObjects: 0.726300 ms CreateObjectMapping: 0.513800 ms MarkObjects: 7.969500 ms  DeleteObjects: 0.151200 ms)

AssetImportParameters requested are different than current active one (requested -> active):
  custom:video-decoder-ogg-theora: a1e56fd34408186e4bbccfd4996cb3dc -> 
  custom:container-muxer-webm: aa71ff27fc2769a1b78a27578f13a17b -> 
  custom:container-demuxer-webm: 4f35f7cbe854078d1ac9338744f61a02 -> 
  custom:video-encoder-webm-vp8: eb34c28f22e8b96e1ab97ce403110664 -> 
  custom:CustomObjectIndexerAttribute: 6b0e35c9178b02a6363f3721b7b8e397 -> 
  custom:audio-encoder-webm-vorbis: bf7c407c2cedff20999df2af8eb42d56 -> 
  custom:framework-win-MediaFoundation: 216162199b28c13a410421893ffa2e32 -> 
  custom:SearchIndexIgnoredProperties: e643bd26f0fe6173181afceb89e7c659 -> 
  custom:container-demuxer-ogg: 62fdf1f143b41e24485cea50d1cbac27 -> 
  custom:video-decoder-webm-vp8: 9c59270c3fd7afecdb556c50c9e8de78 -> 
  custom:audio-decoder-ogg-vorbis: bf7c407c2cedff20999df2af8eb42d56 -> 
========================================================================
Received Import Request.
  Time since last request: 196.263327 seconds.
  path: Assets/Scenes/Guia#9.unity
  artifactKey: Guid(4da869e5cf8ff0746ab6ef902a6960e1) Importer(815301076,1909f56bfc062723c751e8b465ee728b)
Number of updated assets reloaded before import = 0
Start importing Assets/Scenes/Guia#9.unity using Guid(4da869e5cf8ff0746ab6ef902a6960e1) Importer(815301076,1909f56bfc062723c751e8b465ee728b)  -> (artifact id: '389ad622049b6c7dcbace1771e76a347') in 0.025026 seconds 
Number of asset objects unloaded after import = 0
